original,reconstructed,org_homo,org_lumo,homo,lumo,Testing,,,,Training,,,
O=C(N1CC(CCCC)CCCCCC)/C(C2=CC=C(C(SC(/C=C(C3=O)/C(C4=CC=CC=C34)=C(C#N)\C#N)=C5)=C5CC(CCCC)CCCCCC)C=C12)=C6C7=CC=C(C(SC(/C=C(C8=O)/C(C9=CC=CC=C89)=C(C#N)\C#N)=C%10)=C%10CC(CCCC)CCCCCC)C=C7N(CC(CCCC)CCCCCC)C\6=O,N#CC(C#N)=C1C(=Cn2c3ccc(Nc4ccc(N(c5ccc(-c6ccc(C=C7C(=O)C(=C(C#N)C#N)c8ccccc87)s6)cc5)c5ccc(-c6ccc(C=C7C(=O)C(=C(C#N)C#N)c8ccccc87)s6)cc5)cc4)cc3c3c(C=CCCCCCC=O)cccc32)C(=O)c2ccccc21,-5.99,-3.95,-3.508953333,-2.152315617,,,0,0,2.481046667,1.797684383,6.155592564,3.231669142
CCCCCCCCC1=C2C(C(C3=CC=C(CCCCCC)C=C3)(C4=CC=C(CCCCCC)C=C4)C5=C6SC(/C=C(C7=O)\C(C8=CC(Cl)=C(Cl)C=C78)C(C#N)C#N)=C5)=C6SC2=C(CCCCCCCC)C9=C1SC%10=C9C(C%11=CC=C(CCCCCC)C=C%11)(C%12=CC=C(CCCCCC)C=C%12)C%13=C%10SC(/C=C(C%14=O)/C(C%15=CC(Cl)=C(Cl)C=C%14%15)=C(C#N)/C#N)=C%13,Cc1ccc(-c2c3c(c(-c4cccc(C)c4)c4sc5c(c24)C=C2C=C(C=C4c6nc(C#N)c(C#N)nc6-c6nc(C#N)c(C#N)nc64)SC25)SC2C3=Cc3c2sc2c3cc(CCCCCCCC34CC=CC3C=C(C=C3C(=O)c5ccccc5C3c3cccc(C=C5CCc6cc(-c7ccc(-c8cccc9c8Cc8cc(-c%10ccc(C=C%11C(=O)C(=C(C#N)C#N)c%12ccccc%12%11)s%10)ccc8-9)s7)ccc65)c3)S4)c3sc4c(c32)C=C2c3c(c(-c5cccc(C)c5)c5sc6c(c5c3-c3ccc(C)cc3)C=C3C=C(C=C5c7nc(C#N)c(C#N)nc7-c7nc(C#N)c(C#N)nc75)SC36)SC24)cc1,-5.6,-4.02,-1.318567276,-1.993869662,,,0,0,4.281432724,2.026130338,18.33066617,4.105204145
CCCCCCC1=CC=C(C2(C3=CC=C(CCCCCC)C=C3)C4=CC(C(SC(C5=CC(C6(CCCCCCCC)CCCCCCCC)=C(C7=C6C=C(/C=C(C8=O)/C(C9=CC(Cl)=C(Cl)C=C89)=C(C#N)/C#N)S7)S5)=C%10)=C%10C%11(C%12=CC=C(CCCCCC)C=C%12)C%13=CC=C(CCCCCC)C=C%13)=C%11C=C4C%14=C2C=C(C%15=CC(C%16(CCCCCCCC)CCCCCCCC)=C(C%17=C%16C=C(/C=C(C%18=O)/C(C%19=CC(Cl)=C(Cl)C=C%18%19)=C(C#N)\C#N)S%17)S%15)S%14)C=C1,Cc1ccsc1,-5.5,-3.79,-3.100623369,-2.323519945,2.399376631,1.466480055,5.757008216,2.150563751,,,0,0
O=C1C(/C(C2=CSC=C12)=C(C#N)\C#N)=C/C3=CC(C(C4=CC=C(CCCCCC)C=C4)(C5=CC=C(CCCCCC)C=C5)C6=CC7=C(C(C8=CC=C(CCCCCC)C=C8)(C9=CC=C(CCCCCC)C=C9)C%10=C7SC(/C=C(C%11=O)/C(C%12=CSC=C%11%12)=C(C#N)\C#N)=C%10)C=C%136)=C%13S3,CCCCCCc1ccc(C2=C3c4sc(C=C5C(=O)C(=C(C#N)C#N)c6ccccc65)cc4SC3c3c4c(c5c(c32)CC23C=C(C=C6CCC(=O)C6=CC6=CC78Cc9c(c%10c(c%11c9C(c9ccc(CCCCCC)cc9)=C9c%12sc(C=C%13C(=O)C(=C(C#N)C#N)c%14ccccc%14%13)cc%12SC9%11)C(c9ccc(CCCCCC)cc9)=C9c%11sc(C=C%12C(=O)C(=C(C#N)C#N)c%13ccccc%13%12)cc%11SC9%10)C7=CSC8S6)SC2SC=C53)C2Sc3cc(C=C5C(=O)C(=C(C#N)C#N)c6ccccc65)sc3C2=C4)cc1,-5.87,-3.92,-2.187662363,-1.881288409,3.682337637,2.038711591,13.55961047,4.15634495,,,0,0
O=C1C(/C(C2=CSC=C12)=C(C#N)\C#N)=C/C3=CC4=C(C(C(C5=CC=C(CCCCCC)C=C5)(C6=CC=C(CCCCCC)C=C6)C7=CC(C(SC(/C=C(C8=O)/C(C9=CSC=C89)=C(C#N)\C#N)=C%10)=C%10C%11(C%12=CC=C(CCCCCC)C=C%12)C%13=CC=C(CCCCCC)C=C%13)=C%11C=C%147)=C%14S4)S3,CCCCCCc1ccc(C2=C3c4c(c(-c5sc(F)c6c5C(=O)N(C)C6=C(C#N)C#N)c5sc6c(c5c4-c4cc(-c5ccc(C=C7C(=O)C(=C(C#N)C#N)c8ccccc87)s5)c(C=C5C(=O)C(=C(C#N)C#N)c7ccccc75)s4)C(c4ccc(CCCCCC)cc4)=C4C=C(C=C5C(=O)C(=C(C#N)C#N)c7cc(Cl)c(Cl)cc75)SC46)SC3c3cc(C=Cc4cc5c(c6cc(-c7cc8c(s7)C=C7C=C(C=C9CCCC9=O)SC78)sc46)C(=O)CC5)sc32)cc1,-5.68,-3.97,-1.918671131,-1.940423131,3.761328869,2.029576869,14.14759486,4.119182267,,,0,0
O=C1C(/C(C2=CSC=C12)=C(C#N)\C#N)=C/C3=CC4C(C(C(C5=CC=C(CCCCCC)C=C5)(C6=CC=C(CCCCCC)C=C6)C7=CC(C(SC8=C9SC(/C=C(C%10=O)/C(C%11=CSC=C%10%11)=C(C#N)\C#N)=C8)=C9C%12(C%13=CC=C(CCCCCC)C=C%13)C%14=CC=C(CCCCCC)C=C%14)=C%12C=C%157)=C%15S4)S3,CCCCCCc1ccc(C2=C3C=C(C=C4C(=O)C(=C(C#N)C#N)c5cc(Cl)c(Cl)cc54)SC3c3cc(-c4cc5c6c(cc(C=Cc7cc8c(s7)C(c7ccc(CCCCCC)cc7)=C7c9c(c(-c%10cc(CC(CC)CCCC)c(F)s%10)c%10sc%11c(c%10c9-c9ccc(CC(CC)CCCC)s9)C(c9ccc(CCCCCC)cc9)=C9C=C(C=C%10C(=O)C(=C(C#N)C#N)c%12cc(Cl)c(Cl)cc%12%10)SC9%11)SC78)c5s4)CCC6=O)sc32)cc1,-5.61,-3.96,-1.971582413,-1.788484812,,,0,0,3.638417587,2.171515188,13.23808254,4.715478213
O=C(C(/C1=C(C#N)/C#N)=C\C2=CC(C(C3=CC=C(CCCCCC)C=C3)(C4=CC=C(CCCCCC)C=C4)C5=C6SC7=C5C(C8=CC=C(CC(CC)CCCC)S8)=C(SC9=C%10C(C%11=CC=C(CCCCCC)C=C%11)(C%12=CC=C(CCCCCC)C=C%12)C%13=C9SC(/C=C%14\C(C(C=CC=C%15)=C%15C%14=O)=C(C#N)\C#N)=C%13)C%10=C7C%16=CC=C(CC(CC)CCCC)S%16)=C6S2)C%17=C1C=CC=C%17,N#CC(C#N)=Cc1ccc2c(c1)C(=C(C#N)C#N)C(C=O)=C2c1cc2c(s1)C=C1c3c(c(-c4ccc(F)s4)c(-c4ccc(F)s4)c(-c4ccc(F)s4)c3-c3ccc(F)s3)SC12,-5.59,-3.91,-2.277567148,-1.237773538,,,0,0,3.312432852,2.672226462,10.9722114,7.140794266
CCCCCCC1=CC=C(S1)C2(C(S3)=CC=C3CCCCCC)C(C(SC(/C=C(C4=O)/C(C5=CSC=C45)=C(C#N)\C#N)=C6)=C6S7)=C7C8=CC9=C(C(SC(/C=C(C%10=O)/C(C%11=CSC=C%10%11)=C(C#N)\C#N)=C%12)=C%12C9(C(S%13)=CC=C%13CCCCCC)C(S%14)=CC=C%14CCCCCC)C=C28,CCC1SC=CC1CCc1ccc(-c2cc(C)c(C)c3cc(-c4ccc(C5=C(c6cccs6)C6=C(c7cccs7)N(C)C(=O)C6N5C)s4)sc23)s1,-5.71,-4.01,-2.146381378,-1.544845939,,,0,0,3.563618622,2.465154061,12.69937768,6.076984546
CCCCCCC1=CC=C(C=C1)C2(C(C=C3)=CC=C3CCCCCC)C(C(SC(/C=C(C4=O)/C(C5=CC=CC=C45)=C(C#N)\C#N)=C6)=C6S7)=C7C8=CC9=C(C(SC(/C=C(C%10=O)/C(C%11=CC=CC=C%10%11)=C(C#N)\C#N)=C%12)=C%12C9(C(C=C%13)=CC=C%13CCCCCC)C(C=C%14)=CC=C%14CCCCCC)C=C28,CCc1cc(OC)ccc1CCc1cccc(C=Cc2ccc(C=C(C#N)C(=O)O)s2)c1,-5.6,-3.87,-2.467510462,-2.029274702,,,0,0,3.132489538,1.840725298,9.812490707,3.388269622
O=C1C(/C(C2=CC(Cl)=C(Cl)C=C12)=C(C#N)/C#N)=C/C3=CC(C(C4=CC=C(CCCCCC)C=C4)(C5=CC=C(CCCCCC)C=C5)C6=C7SC8=C(C9=CC=C(CC(CC)CCCC)S9)C%10=C(SC%11=C%10C(C%12=CC=C(CCCCCC)C=C%12)(C%13=CC=C(CCCCCC)C=C%13)C%14=C%11SC(/C=C(C%15=O)/C(C%16=CC(Cl)=C(Cl)C=C%15%16)=C(C#N)/C#N)=C%14)C(C%17=CC=C(CC(CC)CCCC)S%17)=C68)=C7S3,CCCCC=O,-5.67,-3.9,-2.906640768,-2.26738143,,,0,0,2.763359232,1.63261857,7.636154245,2.665443396
O=C1C(/C(C2=CC(Cl)=C(Cl)C=C12)=C(C#N)/C#N)=C/C3=CC(C(C4=CC=C(CCCCCC)C=C4)(C5=CC=C(CCCCCC)C=C5)C6=C7SC8=C(C9=CC(F)=C(CC(CC)CCCC)S9)C%10=C(SC%11=C%10C(C%12=CC=C(CCCCCC)C=C%12)(C%13=CC=C(CCCCCC)C=C%13)C%14=C%11SC(/C=C(C%15=O)/C(C%16=CC(Cl)=C(Cl)C=C%15%16)=C(C#N)/C#N)=C%14)C(C%17=CC(F)=C(CC(CC)CCCC)S%17)=C68)=C7S3,CCC=O,-5.7,-3.91,-2.891390562,-2.430377722,,,0,0,2.808609438,1.479622278,7.888286975,2.189282086
O=C1C(/C(C2=CC(Cl)=C(Cl)C=C12)=C(C#N)\C#N)=C/C3=CC(C(C4=CC=C(CCCCCC)C=C4)(C5=CC=C(CCCCCC)C=C5)C6=C7SC8=C(C9=CC(Cl)=C(CC(CC)CCCC)S9)C%10=C(SC%11=C%10C(C%12=CC=C(CCCCCC)C=C%12)(C%13=CC=C(CCCCCC)C=C%13)C%14=C%11SC(/C=C(C%15=O)/C(C%16=CC(Cl)=C(Cl)C=C%15%16)=C(C#N)/C#N)=C%14)C(C%17=CC(Cl)=C(CC(CC)CCCC)S%17)=C68)=C7S3,O=CCO,-5.72,-3.92,-2.929807425,-2.469129324,,,0,0,2.790192575,1.450870676,7.785174608,2.105025719
CCC(CCCC)COC1=C2C(C(C3=CC=C(CCCCCC)C=C3)(C4=CC=C(CCCCCC)C=C4)C5=C6SC(/C=C7C8=NC(C#N)=C(C#N)N=C8C9=CC=CC=C\79)=C5)=C6SC2=C(OCC(CC)CCCC)C%10=C1SC%11=C%10C(C%12=CC=C(CCCCCC)C=C%12)(C%13=CC=C(CCCCCC)C=C%13)C%14=C%11SC(/C=C%15C%16=NC(C#N)=C(C#N)N=C%16C%17=CC=CC=C/%15%17)=C%14,CCCCCC(C)(O)CC#N,-5.47,-3.79,-1.613533974,-2.030810595,,,0,0,3.856466026,1.759189405,14.87233021,3.094747364
CCC(CCCC)COC1=C2C(C(C3=CC=C(CCCCCC)C=C3)(C4=CC=C(CCCCCC)C=C4)C5=C6SC(/C=C(C7=O)\C(C8=CC=CC=C78)=C(C#N)\C#N)=C5)=C6SC2=C(OCC(CC)CCCC)C9=C1SC%10=C9C(C%11=CC=C(CCCCCC)C=C%11)(C%12=CC=C(CCCCCC)C=C%12)C%13=C%10SC(/C=C(C%14=O)/C(C%15=CC=CC=C%14%15)=C(C#N)/C#N)=C%13,CCCCCC(C)(O)CC#N,-5.39,-3.87,-1.925047278,-2.191327572,3.464952722,1.678672428,12.00589736,2.817941121,,,0,0
C1(C2=C/3C=CC=C2)=CC=CC=C1C3=C4C5=C(C=CC=C5)C6=CC=CC=C6\4,C=C1OC12c1ccccc1-c1ccc(N(c3ccccc3)c3ccccc3)cc12,-5.58,-3.37,-1.39120245,-0.106087573,,,0,0,4.18879755,3.263912427,17.54602492,10.65312433
COC1=CC=C2C(C3=CC(OC)=CC=C3/C2=C4C5=CC=C(OC)C=C5C6=CC(OC)=CC=C\46)=C1,COc1ccc2c(c1)C(OC)c1ccccc1-2,-5.11,-3.11,-3.226209402,-2.230133295,,,0,0,1.883790598,0.879866705,3.548667017,0.774165418
CCCCCCCCCCCCCCOC1=CC=C2C(C3=CC(OCCCCCCCCCCCCCC)=CC=C3/C2=C4C5=CC=C(OCCCCCCCCCCCCCC)C=C5C6=CC(OCCCCCCCCCCCCCC)=CC=C\46)=C1,CCCCCCCCCC1C=CC23Sc4c(ccc(-c5ccc(C=C6CCc7cc(C=Cc8ccccc8C=Cc8ccccc8C=Cc8cc(C=Cc9ccccc9C)c(C=Cc9cc(C)c(C)cc9C)cc8C=Cc8cc(C)c(C)cc8C)ccc76)cc5)c4-c4cccc(C=C5c6ccccc6C(c6ccc(C)cc6)C5c5ccc(C)cc5)c4)C2C=CC13C1=C2Sc3c(-c4ccc(C)cc4)c(-c4ccc(C)cc4)c(-c4ccc(C)cc4)c(-c4ccc(C)cc4)c3C23Sc2c(c(-c4ccc(C)cc4)c(-c4ccc(C)cc4)c(-c4ccc(C)cc4)c2-c2ccc(C)cc2)C3=C1,-5.06,-3.09,-1.179738164,-1.021514535,,,0,0,3.880261836,2.068485465,15.05643192,4.278632119
C1(/C2=CC3=CC=CC=C3C=C2C4=CC5=CC=CC=C5C=C14)=C6C7=CC=CC=C7C8=CC=CC=C\68,CC1c2ccccc2-c2cc3c(cc21)C(=C1CC(O)c2ccccc21)c1ccccc1-3,-5.41,-3.36,-0.209424347,-0.028904662,5.200575653,3.331095338,27.04598713,11.09619615,,,0,0
COC1=CC=C2C(C3=CC(OC)=CC=C3/C2=C4C5=CC6=CC=CC=C6C=C5C7=CC8=CC=CC=C8C=C\47)=C1,COc1ccc2c(c1)-c1ccc(OC)cc1C2OC,-5.17,-3.24,-2.956190586,-2.305598497,,,0,0,2.213809414,0.934401503,4.900952121,0.873106168
C1(/C2=CC3=CC=CC=C3C=C2C4=C1C=C(C=CC=C5)C5=C4)=C6C7=CC8=CC=CC=C8C=C7C9=C\6C=C(C=CC=C%10)C%10=C9,CC1=C2C=C(c3cccc4nsnc34)SC2C2=C1C1(C)C(C)C3(O)C=CSC3(C)C1(C)S2,-5.25,-3.35,-0.21982488,0.003023602,5.03017512,3.353023602,25.30266173,11.24276728,,,0,0
COC1=CC=C2C(/C(C3=CC(OC)=CC=C23)=C4C5=CC(OC)=CC=C5C6=CC=C(OC)C=C/46)=C1,COc1ccc2c(c1)C(=C1C(=C3c4cc(OC)ccc4-c4cc(OC)ccc43)C(OC)c3ccc(OC)cc31)c1ccc(OC)cc1-2,-5.38,-3.39,-3.295432806,-2.308187723,,,0,0,2.084567194,1.081812277,4.345420386,1.170317802
CCC(CCCC)CN1C(C(C(C2=CC=C(CCCCCC)C=C2)(C3=CC=C(CCCCCC)C=C3)C4=CC(C(SC(/C=C(C5=O)/C(C6=CC=CC=C56)=C(C#N)/C#N)=C7)=C7C8(C9=CC=C(CCCCCC)C=C9)C%10=CC=C(CCCCCC)C=C%10)=C8C=C%114)=C%11S%12)=C%12C%13=C1C=C(/C=C(C%14=O)/C(C%15=CC=CC=C%14%15)=C(C#N)\C#N)S%13,CCCCCC(C)(O)CC#N,-5.3,-3.85,-1.436893225,-1.999484181,3.863106775,1.850515819,14.92359396,3.424408795,,,0,0
CCC(CCCC)CN1C(C(C(C2=CC=C(CCCCCC)C=C2)(C3=CC=C(CCCCCC)C=C3)C4=CC(C(SC(/C=C(C5=O)\C(C6=CC=C(Cl)C=C56)=C(C#N)\C#N)=C7)=C7C8(C9=CC=C(CCCCCC)C=C9)C%10=CC=C(CCCCCC)C=C%10)=C8C=C%114)=C%11S%12)=C%12C%13=C1C=C(/C=C(C%14=O)/C(C%15=CC=C(Cl)C=C%14%15)=C(C#N)/C#N)S%13,CCCCCC(C)(O)CC#N,-5.36,-3.92,-1.518913031,-2.077142954,3.841086969,1.842857046,14.75394911,3.396122092,,,0,0
CCC(CCCC)CN1C(C(C(C2=CC=C(CCCCCC)C=C2)(C3=CC=C(CCCCCC)C=C3)C4=CC(C(SC(/C=C(C5=O)/C(C6=CC(Cl)=C(Cl)C=C56)=C(C#N)/C#N)=C7)=C7C8(C9=CC=C(CCCCCC)C=C9)C%10=CC=C(CCCCCC)C=C%10)=C8C=C%114)=C%11S%12)=C%12C%13=C1C=C(/C=C(C%14=O)/C(C%15=CC(Cl)=C(Cl)C=C%14%15)=C(C#N)\C#N)S%13,CCCCCC(C)(O)CC#N,-5.35,-3.97,-1.553691626,-2.244984865,3.796308374,1.725015135,14.41195727,2.975677215,,,0,0
CCCCCCC1=CC=C(C=C1)C(C2=CC(C(SC3=C4SC5=C3C(C=C6C7=O)=C8C9=C5C=C%10C%11=C9C(C%12=CC=C(C(N7C(CCCCC)CCCCC)=O)C6=C%128)=CC=C%11C(N(C%10=O)C(CCCCC)CCCCC)=O)=C4C%13(C%14=CC=C(CCCCCC)C=C%14)C%15=CC=C(CCCCCC)C=C%15)=C%13C=C%162)(C%17=CC=C(CCCCCC)C=C%17)C%18=C%16SC%19=C%18SC%20=C%19C%21=C%22C%23=C(C%24=CC=C%23C%25=CC=C(C%26=O)C%27=C%25C%22=C%20C=C%27C(N%26C(CCCCC)CCCCC)=O)C(C(N(C%24=O)C(CCCCC)CCCCC)=O)=C%21,CCC1C=CSC1CCc1cc(C=Cc2ccc(-c3ccc(N(c4ccc(-n5c6ccccc6c6ccccc65)cc4)c4ccc(-n5c6ccccc6c6ccccc65)cc4)cc3)s2)c(C=C2c3ccccc3-c3ccccc32)c2sc(C=C3C(=O)c4ccccc4C3(C)C)cc12,-5.58,-3.87,-2.454504251,-2.35705018,3.125495749,1.51294982,9.768723674,2.289017157,,,0,0
O=C1C(/C(C2=CC=CC=C12)=C(C#N)/C#N)=C/C3=CC(C(C4=CC=C(CCCCCC)C=C4)(C5=CC=C(CCCCCC)C=C5)C6=C7SC8=CC9=C(SC%10=C9C(C%11=CC=C(CCCCCC)C=C%11)(C%12=CC=C(CCCCCC)C=C%12)C%13=C%10SC(/C=C(C%14=O)/C(C%15=CC=CC=C%14%15)=C(C#N)/C#N)=C%13)C=C68)=C7S3,CCCCCCc1ccc(C2=C3c4c(cc(-c5cc(CC(CC)CCCC)c(F)s5)c5sc6c(c45)C(c4ccc(CCCCCC)cc4)=C4C=C(C=C5C(=O)C(=C(C#N)C#N)c7cc(Cl)c(Cl)cc75)SC46)SC3c3cc(C=C4C(=O)CCC4=Cc4cc5c(s4)C=C4c6c(cc(-c7cc(CC(CC)CCCC)c(F)s7)c7sc8c(c67)C(c6ccc(CCCCCC)cc6)=C6C=C(C=C7C(=O)C(=C(C#N)C#N)c9cc(Cl)c(Cl)cc97)SC68)SC45)sc32)cc1,-5.4,-3.83,-2.195238829,-2.097771883,,,0,0,3.204761171,1.732228117,10.27049417,3.000614249
O=C(N1CC(CC)CCCC)C2=C(C3=CC=C(C4=CC=C(C(N5CC(CC)CCCC)=O)C6=C4C=CC=C6C5=O)S3)C7=NSN=C7C(C8=CC=C(C9=CC=C(C(N%10CC(CC)CCCC)=O)C%11=C9C=CC=C%11C%10=O)S8)=C2C1=O,N#CC(C#N)=Cc1ccc(C=CCCC=O)cc1,-5.62,-3.65,-1.513979673,-1.140152097,4.106020327,2.509847903,16.85940292,6.299336497,,,0,0
O=C(N(C1=O)C(CCCCCC)CCCCCC)C2=CC(C3=CC=C4C(C5(C6=CC(C7=C(C8=CC=C(C(N9C(CCCCCC)CCCCCC)=O)C%10=C8C%11=CC=C%10C9=O)C(C%11=CC=C%12C%13=O)=C%12C(C(N%13C(CCCCCC)CCCCCC)=O)=C7)=CC=C46)C%14=CC(C%15=C(C%16=CC=C(C(N%17C(CCCCCC)CCCCCC)=O)C%18=C%16C%19=CC=C%18C%17=O)C(C%19=CC=C%20C%21=O)=C%20C(C(N%21C(CCCCCC)CCCCCC)=O)=C%15)=CC=C%14C%22=CC=C(C%23=C(C%24=CC=C(C(N%25C(CCCCCC)CCCCCC)=O)C%26=C%24C%27=CC=C%26C%25=O)C(C%27=CC=C%28C%29=O)=C%28C(C(N%29C(CCCCCC)CCCCCC)=O)=C%23)C=C5%22)=C3)=C%30C%31=C2C1=CC=C%31C%32=CC=C(C%33=O)C%34=C%32C%30=CC=C%34C(N%33C(CCCCCC)CCCCCC)=O,C=Cc1ccc(-c2ccc(N(c3ccc(-c4ccc(C=C(C#N)C(=O)OC)s4)cc3)c3ccc(-c4ccc(-c5ccc(N(c6ccc(-c7ccc(N(C)c8ccc(C=CC(C)(C=O)CC=O)cc8)cc7)cc6)c6ccc(-c7ccc(-c8ccc(N(c9ccc(-c%10ccc(C=C(C#N)C(=O)O)s%10)cc9)c9ccc(-c%10ccc(C=C(C#N)C(=O)OC)s%10)cc9)c9c8C(C)(C)c8cc(-c%10ccc(CC(CC)CCC=O)s%10)ccc8-9)s7)cc6)cc5)s4)cc3)cc2)s1,-5.97,-3.78,-1.923223972,-1.576904416,4.046776028,2.203095584,16.37639622,4.853630152,,,0,0
O=C(N1CC(CCCC)CCCCCC)/C(C2=CC=C(C3=C(CC(CCCC)CCCCCC)C=C(/C=C(C4=O)\C(C5=CC=CC=C45)=C(C#N)/C#N)S3)C=C12)=C6C7=CC=C(C8=C(CC(CCCC)CCCCCC)C=C(/C=C(C9=O)/C(C%10=CC=CC=C9%10)=C(C#N)\C#N)S8)C=C7N(CC(CCCC)CCCCCC)C\6=O,N#CC(C#N)=C1C(=O)C(=Cc2ccc(-c3cc4c(cc3Cl)-c3cc(-c5ccc(C=C6C(=O)C(=C(C#N)C#N)c7ccccc76)s5)c(Cl)cc3C4=Cc3ccc(C4C=Cc5cc(-c6ccc7[nH]c8cccc(C=CCCCCCC=O)c8c7c6)sc54)cc3C=C3c4cc(-c5ccc(C=C6C(=O)C(=C(C#N)C#N)c7ccccc76)s5)c(Cl)cc4-c4cc(-c5ccc(C=C6C(=O)C(=C(C#N)C#N)c7ccccc76)s5)c(Cl)cc43)s2)c2ccccc21,-5.99,-3.95,-3.503822088,-2.127609491,2.486177912,1.822390509,6.181080609,3.321107166,,,0,0
O=C(N1CC(CCCC)CCCCCC)/C(C2=CC=C(C(SC(/C=C(C3=O)\C(C4=CC=CC=C34)=C(C#N)\C#N)=C5)=C5OCC(CCCC)CCCCCC)C=C12)=C6C7=CC=C(C(SC(/C=C(C8=O)/C(C9=CC=CC=C89)=C(C#N)\C#N)=C%10)=C%10OCC(CCCC)CCCCCC)C=C7N(CC(CCCC)CCCCCC)C\6=O,CC=C1CCC(=Cc2ccc(-c3cccc4c3SC3C4=Cc4c3ccc3c4C(=CCCCCCCCCCCCCCCCC4c5cc(-c6ccc(C=C7C(=O)C(=C(C#N)C#N)c8ccccc87)s6)ccc5-c5c(-c6ccc(C=C7C(=O)C(=C(C#N)C#N)c8ccccc87)s6)ccc(C=C6C(=O)C=CN6c6ccc7c(c6)CCC7=Cc6ccc(CN7CCc8c(-c9ccc(N(C)c%10ccc(-c%11ccc(-c%12ccc(N(C)c%13ccc(Nc%14ccc%15[nH]c%16cccc(C=CCCCCCC=O)c%16c%15c%14)cc%13)cc%12)s%11)cc%10)cc9)ccc(NCCCCCCC)c87)cc6)c54)c4ccc(N(c5ccccc5)c5ccccc5)cc4-3)s2)C1=O,-5.74,-3.93,-3.565604925,-2.22694397,,,0,0,2.174395075,1.70305603,4.727993942,2.900399842
CCCCCCC1=CC=C(C2(C3=CC=C(CCCCCC)C=C3)C(C=C(/C=C4C(C5=C(C/4=C(C#N)/C#N)C=CC=C5)=O)S6)=C6C7=CC8=C(C(SC9=C%10SC(/C=C%11/C(C(C=CC=C%12)=C%12C%11=O)=C(C#N)\C#N)=C9)=C%10C8(C%13=CC=C(CCCCCC)C=C%13)C%14=CC=C(CCCCCC)C=C%14)C=C27)C=C1,CCc1cc(OC)ccc1CCc1cccc(C=Cc2ccc(C=C(C#N)C(=O)O)s2)c1,-5.62,-3.9,-2.480841398,-2.054213762,,,0,0,3.139158602,1.845786238,9.854316727,3.406926835
CCCCCCC1=CC=C(C2(C3=CC=C(CCCCCC)C=C3)C(C(SC4=C5SC(/C=C6C(C7=C(C/6=C(C#N)\C#N)C=CC=C7)=O)=C4)=C5S8)=C8C9=CC%10=C(C(SC%11=C%12SC(/C=C%13/C(C(C=CC=C%14)=C%14C%13=O)=C(C#N)\C#N)=C%11)=C%12C%10(C%15=CC=C(CCCCCC)C=C%15)C%16=CC=C(CCCCCC)C=C%16)C=C29)C=C1,CCCCCCc1ccc(C2=C3c4cc5c(-c6sc(C=C(C#N)C#N)c7sc(C(C#N)C#N)cc67)csc5c(-c5ccc(CC(C#N)C#N)s5)c4SC3c3cc(C=Cc4cc(CCCCCC)c5ccsc5c4C=Cc4cc5c(s4)C(c4ccc(CCCCCC)cc4)=C4c6cc7c(-c8sc(C=C(C#N)C#N)c9sc(C(C#N)C#N)cc89)csc7c(-c7ccc(CC(C#N)C#N)s7)c6SC45)sc32)cc1,-5.54,-3.91,-2.26908946,-2.176090002,3.27091054,1.733909998,10.69885576,3.006443881,,,0,0
CCCCCCC1=CC=C(C2(C3=CC=C(CCCCCC)C=C3)C4=CC(C(SC(C(SC(/C=C(C5=O)/C(C6=CC(F)=C(F)C=C56)=C(C#N)\C#N)=C7OC)=C7OC)=C8)=C8C9(C%10=CC=C(CCCCCC)C=C%10)C%11=CC=C(CCCCCC)C=C%11)=C9C=C4C%12=C2C=C(C(SC(/C=C(C%13=O)/C(C%14=CC(F)=C(F)C=C%13%14)=C(C#N)/C#N)=C%15OC)=C%15OC)S%12)C=C1,CCCCCCc1ccc(C2=C3C=C(C=C4C(=O)C(=C(C#N)C#N)c5ccccc54)SC3c3sc4c5c(ccc4c32)SC2C5=Cc3sc(C=C4c5cc(-c6cc7c(s6)C(C)=C6C=C(C=C(C#N)C(=O)O)SC67)c6sc(-c7cc(C)c(-c8ccc(-c9sc(C=C%10C(=O)C(=C(C#N)C#N)c%11ccccc%11%10)cc9C)s8)s7)cc6c5-c5c(CCCCCC)cc(C=Cc6cc7c(s6)C(C)=C6c8c(ccc(Cl)c8OC)SC67)c(C=Cc6cc7c(s6)C(C)=C6c8c(ccc(Cl)c8OC)SC67)c54)cc32)cc1,-5.49,-3.85,-2.36456728,-1.898524046,3.12543272,1.951475954,9.768329688,3.808258399,,,0,0
O=C1C(/C(C2=CC(Cl)=C(Cl)C=C12)=C(C#N)\C#N)=C/C3=CC(C(C4=CC=C(CCCCCC)C=C4)(C5=CC=C(CCCCCC)C=C5)C6=C7SC8=C(C9=CC(F)=C(CC(CC)CCCC)S9)C%10=C(SC%11=C%10C(C%12=CC=C(CCCCCC)C=C%12)(C%13=CC=C(CCCCCC)C=C%13)C%14=C%11SC(/C=C(C%15=O)/C(C%16=CC(Cl)=C(Cl)C=C%15%16)=C(C#N)/C#N)=C%14)C(C%17=CC(F)=C(CC(CC)CCCC)S%17)=C68)=C7S3,CCC=O,-5.7,-3.91,-2.891390562,-2.430377722,2.808609438,1.479622278,7.888286975,2.189282086,,,0,0
CCCCCCC1=CC=C(C2(C3=CC=C(CCCCCC)S3)C(C(SC(/C=C(C4=O)\C(C5=CSC=C45)=C(C#N)/C#N)=C6)=C6S7)=C7C8=CC9=C(C(SC(/C=C(C%10=O)/C(C%11=CSC=C%10%11)=C(C#N)\C#N)=C%12)=C%12C9(C%13=CC=C(CCCCCC)S%13)C%14=CC=C(CCCCCC)S%14)C=C28)S1,CCC1SC=CC1CCc1ccc(-c2cc(C)c(C)c3cc(-c4ccc(C5=C(c6cccs6)C6=C(c7cccs7)N(C)C(=O)C6N5C)s4)sc23)s1,-5.71,-4.01,-2.146381378,-1.544845939,3.563618622,2.465154061,12.69937768,6.076984546,,,0,0
O=C1C(/C(C2=CC=CC=C12)=C(C#N)\C#N)=C/C3=CC4=C(C(C(C5=CC=C(CCCCCC)C=C5)(C6=CC=C(CCCCCC)C=C6)C7=CC(C(SC(/C=C(C8=O)/C(C9=CC=CC=C89)=C(C#N)/C#N)=C%10)=C%10C%11(C%12=CC=C(CCCCCC)C=C%12)C%13=CC=C(CCCCCC)C=C%13)=C%11C=C%147)=C%14S4)S3,CCCCCCc1ccc(C2=C3c4c(c(-c5sc(F)c6c5C(=O)C(=C(C#N)C#N)C6=O)c5sc6c(c5c4-c4cc(-c5ccc(C=C7C(=O)C(=C(C#N)C#N)c8ccccc87)s5)c(C=C5C(=O)C(=C(C#N)C#N)c7ccccc75)s4)C(c4ccc(CCCCCC)cc4)=C4C=C(C=C5C(=O)C(=C(C#N)C#N)c7cc(Cl)c(Cl)cc75)SC46)SC3c3cc(C=Cc4cc5c(c6cc(-c7cc8c(s7)C=C7C=C(C=C9CCCC9=O)SC78)sc46)C(=O)CC5)sc32)cc1,-5.6,-3.87,-2.004582882,-1.96139586,3.595417118,1.90860414,12.92702425,3.642769764,,,0,0
CCCCCCCCOC(C(SC(/C=C(C1=O)\C(C2=CC=CC=C12)=C(C#N)/C#N)=C3OCCCCCCCC)=C3S4)=C4C5=CC=C6C(C7(C8=CC(C(SC9=C%10SC(/C=C(C%11=O)/C(C%12=CC=CC=C%11%12)=C(C#N)\C#N)=C9OCCCCCCCC)=C%10OCCCCCCCC)=CC=C68)C%13=CC(C(SC%14=C%15SC(/C=C(C%16=O)\C(C%17=CC=CC=C%16%17)=C(C#N)/C#N)=C%14OCCCCCCCC)=C%15OCCCCCCCC)=CC=C%13C%18=CC=C(C(SC%19=C%20SC(/C=C(C%21=O)/C(C%22=CC=CC=C%21%22)=C(C#N)/C#N)=C%19OCCCCCCCC)=C%20OCCCCCCCC)C=C7%18)=C5,CCCCCCOc1c(-c2cc3c(c4c2C=C2C(C=C5c6nc(C#N)c(C#N)nc6-c6nc(C#N)c(C#N)nc65)=C(C=C5c6nc(C#N)c(C#N)nc6-c6nc(C#N)c(C#N)nc65)SC24)C=C2C(C=C4c5nc(C#N)c(C#N)nc5-c5nc(C#N)c(C#N)nc54)=CSC23)c2c3c(sc2c2c4c(sc12)C1SC(C=C2c5nc(C#N)c(C#N)nc5-c5nc(C#N)c(C#N)nc52)=C(C=C2c5nc(C#N)c(C#N)nc5-c5nc(C#N)c(C#N)nc52)C1=C4)C1SC(C=C2c4nc(C#N)c(C#N)nc4-c4nc(C#N)c(C#N)nc42)=C(C=C2c4nc(C#N)c(C#N)nc4-c4nc(C#N)c(C#N)nc42)C1=C3,-4.01,-5.81,-1.235923052,-2.000128031,2.774076948,3.809871969,7.695502914,14.51512442,,,0,0
CCCCCC[Si]1(C(C(SC(C2=C3C=C(/C=C4/C(C(C=CC=C5)=C5C4=O)=C(C#N)/C#N)S2)=C6[Si]3(CCCCCC)CCCCCC)=C6S7)=C7C8=C1C=C(/C=C9/C(C(C=CC=C%10)=C%10C9=O)=C(C#N)/C#N)S8)CCCCCC,CCCCCCCCc1cccc2c3c(sc12)C1Sc2c(c(-c4ccc(-c5sc(-c6cc7c(c8c6Cc6cc9c(cc6-8)C6SC(C=C8c%10nc(C#N)c(C#N)nc%10-c%10nc(C#N)c(C#N)nc%108)=CC6=C9)Cc6cc8c(cc6-7)C6SC(C=C7c9nc(C#N)c(C#N)nc9-c9nc(C#N)c(C#N)nc97)=CC6=C8)c6c5C5SC(C=C7c8nc(C#N)c(C#N)nc8-c8nc(C#N)c(C#N)nc87)=C(C=C7c8nc(C#N)c(C#N)nc8-c8nc(C#N)c(C#N)nc87)C5=C6)cc4)c4c5c(sc4c2-c2cccc(C)c2)C2SC(C=C4c6nc(C#N)c(C#N)nc6-c6nc(C#N)c(C#N)nc64)=CC2=C5)C1=C3,-5.58,-4.21,-1.367497563,-2.051792145,,,0,0,4.212502437,2.158207855,17.74517678,4.657861146
CCCCCCCCC1=C2C(C(C3=CC=C(CCCCCC)C=C3)(C4=CC=C(CCCCCC)C=C4)C5=C6SC(/C=C(C7=O)\C(C8=CC=CC=C78)=C(C#N)/C#N)=C5)=C6SC2=C(CCCCCCCC)C9=C1SC%10=C9C(C%11=CC=C(CCCCCC)C=C%11)(C%12=CC=C(CCCCCC)C=C%12)C%13=C%10SC(/C=C(C%14=O)/C(C%15=CC=CC=C%14%15)=C(C#N)/C#N)=C%13,CCCCCCc1c(CCCCCC)n(-c2cc3c(cc2-n2c(C)cc4ccccc42)C(=Cc2cccc(C=Cc4cccc(CCCCCCCc5cc6c7c(sc6c6c8c(sc56)C5Sc6c(c(-c9ccc(C)cc9)c9c%10c(sc9c6-c6cccc(C)c6)C6SC(C=C9c%11nc(C#N)c(C#N)nc%11-c%11nc(C#N)c(C#N)nc%119)=CC6=C%10)C5=C8)C5Sc6c(c(-c8ccc(C)cc8)c8c9c(sc8c6-c6cccc(C)c6)C6SC(C=C8c%10nc(C#N)c(C#N)nc%10-c%10nc(C#N)c(C#N)nc%108)=CC6=C9)C5=C7)c4)c2)CC3)c2ccccc12,-5.36,-3.89,-1.370140076,-1.804481387,3.989859924,2.085518613,15.91898222,4.349387885,,,0,0
CCCCCCOC1=CC=CC(C2(C3=CC(OCCCCCC)=CC=C3)C(C(SC(/C=C(C4=O)\C(C5=CC(Cl)=C(Cl)C=C45)=C(C#N)/C#N)=C6)=C6S7)=C7C8=CC9=C(C(SC%10=C%11SC(/C=C(C%12=O)/C(C%13=CC(Cl)=C(Cl)C=C%12%13)=C(C#N)/C#N)=C%10)=C%11C9(C%14=CC(OCCCCCC)=CC=C%14)C%15=CC(OCCCCCC)=CC=C%15)C=C28)=C1,CCCCCCOc1c(-c2cc3c(c4c2C=C2C(C=C5c6nc(C#N)c(C#N)nc6-c6nc(C#N)c(C#N)nc65)=C(C=C5c6nc(C#N)c(C#N)nc6-c6nc(C#N)c(C#N)nc65)SC24)C=C2C(C=C4c5nc(C#N)c(C#N)nc5-c5nc(C#N)c(C#N)nc54)=CSC23)c2c3c(sc2c2c4c(sc12)C1SC(C=C2c5nc(C#N)c(C#N)nc5-c5nc(C#N)c(C#N)nc52)=C(C=C2c5nc(C#N)c(C#N)nc5-c5nc(C#N)c(C#N)nc52)C1=C4)C1SC(C=C2c4nc(C#N)c(C#N)nc4-c4nc(C#N)c(C#N)nc42)=C(C=C2c4nc(C#N)c(C#N)nc4-c4nc(C#N)c(C#N)nc42)C1=C3,-5.78,-4.05,-1.242704153,-2.259170771,,,0,0,4.537295847,1.790829229,20.5870536,3.207069329
O=C(N(C1=O)CC(CC)CCCC)C2=C(C3=CC=C(C4=CC=C(N(C5=CC=C(C6=CC=C(C7=C(C(N(CC(CC)CCCC)C8=O)=O)C(C8=CC=C9C%10=C%11OCCOC)=C9C(C%12=CC=C(C%13=O)C(C(C(N%13CC(CC)CCCC)=O)=C%11)=C%12%10)=C7)S6)C=C5)C%14=CC=C(C%15=CC=C(C%16=C(C(N(CC(CC)CCCC)C%17=O)=O)C(C%17=CC=C%18C%19=C%20OCCOC)=C%18C(C%21=CC=C(C%22=O)C(C(C(N%22CC(CC)CCCC)=O)=C%20)=C%21%19)=C%16)S%15)C=C%14)C=C4)S3)C=C(C%23=CC=C(C%24=O)C%25=C%23%26)C%27=C2C1=CC=C%27C%26=C(C=C%25C(N%24CC(CC)CCCC)=O)OCCOC,CCC(C#N)Nc1ccc(N(c2ccc(NC(C#N)CC)cc2)c2c3sc4cc(C=C(C#N)C(=O)O)sc4c3c(-c3ccc(C=C=O)s3)c3sc4cc(C=C(C#N)C(=O)O)sc4c23)cc1,-5.6,-3.8,-1.743093014,-1.628136635,,,0,0,3.856906986,2.171863365,14.8757315,4.716990477
CCC(N1C(/C=C/C2=CC=C(/C=C/C3=NC(C#N)=C(C#N)N3C(CC)CCCC)C4=NSN=C24)=NC(C#N)=C1C#N)CCCC,CCCCCCCCCCCCC1=C2Sc3c(cc(-c4sc(-c5cc(-c6ccc(C)s6)c6sccc6c5-c5ccc(C)s5)c5cc(-c6ccc(C)s6)c(-c6ccc(C)s6)c(-c6ccc(C)s6)c45)c(-c4sc(-c5cc(-c6ccc(C)s6)c6sccc6c5-c5ccc(C)s5)c5c(-c6ccc(C)s6)c(-c6ccc(C)s6)c(-c6ccc(C)s6)c(-c6ccc(C)s6)c45)c3-c3sc(-c4cc(-c5ccc(C)s5)c5sccc5c4-c4ccc(C)s4)c4c(-c5ccc(C)s5)c(-c5ccc(C)s5)c(-c5ccc(C)s5)c(-c5ccc(C)s5)c34)C2C=C1,-6.1,-3.6,-0.404535234,-0.627403975,5.695464766,2.972596025,32.4383189,8.836327131,,,0,0
O=C1C(/C(C2=CSC(C)=C12)=C(C#N)\C#N)=C\C3=CC(C(C4=CC=C(CCCCCC)C=C4)(C5=CC=C(CCCCCC)C=C5)C6=C7SC8=C(C9=CC=C(CC(CC)CCCC)S9)C%10=C(SC%11=C%10C(C%12=CC=C(CCCCCC)C=C%12)(C%13=CC=C(CCCCCC)C=C%13)C%14=C%11SC(/C=C(C%15=O)\C(C%16=CSC(C)=C%15%16)=C(C#N)\C#N)=C%14)C(C%17=CC=C(CC(CC)CCCC)S%17)=C68)=C7S3,O=CCCC=Cc1ccccc1N(c1ccccc1)c1ccccc1,-5.59,-3.86,-2.498191118,-1.720336318,3.091808882,2.139663682,9.559282161,4.578160672,,,0,0
CCC(CCCC)COC1=C2C(C(C3=CC=C(CCCCCC)C=C3)(C4=CC=C(CCCCCC)C=C4)C5=C6SC(/C=C(C7=O)/C(C8=CSC(C)=C78)=C(C#N)\C#N)=C5)=C6SC2=C(OCC(CC)CCCC)C9=C1SC%10=C9C(C%11=CC=C(CCCCCC)C=C%11)(C%12=CC=C(CCCCCC)C=C%12)C%13=C%10SC(/C=C(C%14=O)\C(C%15=CSC(C)=C%14%15)=C(C#N)/C#N)=C%13,CCCCCCc1cccc(C=Cc2ccc(C=C3CCc4cc(-n5c(CCCCCCCCCCCCCCCCC=C6c7cc(-c8ccc(C=C9CCc%10cc(-c%11ccc(C=C%12c%13ccccc%13-c%13ccccc%13%12)cc%11)c(-c%11ccc(C=C%12c%13ccccc%13-c%13ccccc%13%12)cc%11)cc%109)c(C=C9c%10cc(-c%11ccc(C=C%12c%13ccccc%13-c%13ccccc%13%12)cc%11)c(-c%11ccc(C=C%12c%13ccccc%13-c%13ccccc%13%12)cc%11)cc%10-c%10cc(-c%11ccc(C=C%12c%13ccccc%13-c%13ccccc%13%12)cc%11)c(-c%11ccc(C=C%12c%13ccccc%13-c%13ccccc%13%12)cc%11)cc%109)c8)ccc7-c7cc(N(c8ccccc8)c8ccccc8)ccc76)cc6ccccc65)ccc43)cc2)c1,-5.42,-3.94,-1.949596763,-2.20168829,,,0,0,3.470403237,1.73831171,12.04369863,3.021727602
CCCCCCC1=CC=C(C2(C3=CC=C(CCCCCC)C=C3)C(C(SC(C(C=C(OC)C(/C=C(C#N)/C#N)=C4)=C4OC)=C5)=C5S6)=C6C7=CC8=C(C(SC9=C%10SC(C(C=C(OC)C(/C=C(C#N)/C#N)=C%11)=C%11OC)=C9)=C%10C8(C%12=CC=C(CCCCCC)C=C%12)C%13=CC=C(CCCCCC)C=C%13)C=C27)C=C1,CCCCCCc1ccc(C2=C3c4c(c(Cl)c5c6c(sc5c4-c4cc(CC(CC)CCCC)c(F)s4)C4SC(C=C5C(=O)C(=C(C#N)C#N)c7cc(Cl)c(Cl)cc75)=CC4=C6c4ccc(CCCCCC)cc4)SC3c3cc(C=Cc4cc(CCCCCC)ccc4C=Cc4cc5c(s4)C=C4c6c(cc7c8c(sc7c6-c6cc(CC(CC)CCCC)c(F)s6)C6SC(C=C7C(=O)C(=C(C#N)C#N)c9cc(Cl)c(Cl)cc97)=CC6=C8)SC45)sc32)cc1,-5.98,-3.81,-2.348473549,-2.037943125,,,0,0,3.631526451,1.772056875,13.18798437,3.140185569
CCCCCCC1(C2=CC(C(SC(/C=C(C3=O)/C(C4=CC(Cl)=C(Cl)C=C34)=C(C#N)\C#N)=C5)=C5C6(CCCCCC)CCCCCC)=C6C=C2C7=C1C=C(/C=C(C8=O)/C(C9=CC(Cl)=C(Cl)C=C89)=C(C#N)\C#N)S7)CCCCCC,CCCCCCc1ccc(C2=C3C=C(C=C4C(=O)C(=C(C#N)C#N)c5cc(Cl)c(Cl)cc54)SC3c3cc(-c4cc5c(s4)c(CCCCCC)c(C=Cc4cc6c(s4)C=C4c7c(cc8c9c(sc8c7-c7cc(CC(CC)CCCC)c(F)s7)C7SC(C=C8C(=O)C(=C(C#N)C#N)c%10cc(Cl)c(Cl)cc%108)=CC7=C9)SC46)c4cc(-c6cc7c(s6)C(c6ccc(CCCCCC)cc6)=C6C=C(C=C8C(=O)C(=C(C#N)C#N)c9cc(Cl)c(Cl)cc98)SC67)sc45)sc32)cc1,-4.01,-5.81,-2.731383562,-1.672049165,1.278616438,4.137950835,1.634859995,17.12263711,,,0,0
,,,,,,,,6.789623567,2.83190588,,,5.610441591,1.837261291