original,reconstructed,org_homo,org_lumo,homo,lumo,Testing,,,,Training,,,
O=C(N1CC(CCCC)CCCCCC)/C(C2=CC=C(C(SC(/C=C(C3=O)/C(C4=CC=CC=C34)=C(C#N)\C#N)=C5)=C5CC(CCCC)CCCCCC)C=C12)=C6C7=CC=C(C(SC(/C=C(C8=O)/C(C9=CC=CC=C89)=C(C#N)\C#N)=C%10)=C%10CC(CCCC)CCCCCC)C=C7N(CC(CCCC)CCCCCC)C\6=O,N#CCCC(=O)C=O,-5.99,-3.95,-4.5575,-0.992,,,0,0,1.4325,2.958,2.05205625,8.749764
CCCCCCCCC1=C2C(C(C3=CC=C(CCCCCC)C=C3)(C4=CC=C(CCCCCC)C=C4)C5=C6SC(/C=C(C7=O)\C(C8=CC(Cl)=C(Cl)C=C78)C(C#N)C#N)=C5)=C6SC2=C(CCCCCCCC)C9=C1SC%10=C9C(C%11=CC=C(CCCCCC)C=C%11)(C%12=CC=C(CCCCCC)C=C%12)C%13=C%10SC(/C=C(C%14=O)/C(C%15=CC(Cl)=C(Cl)C=C%14%15)=C(C#N)/C#N)=C%13,CCCCCCCc1c2sc3c(c2c(CCCCCCCCC2CSC=C2C=CC=CC=CC=Cc2ccc(C=Cc4ccc(N(C)C[SiH3])cc4)cc2CCCCCC)c2sc4c(c12)C(c1ccc(CCCCCC)cc1)=C1C=C(C=C2C(=O)C(=C(C#N)C#N)c5ccccc52)SC14)C=C(c1ccc(N(c2ccccc2)c2ccccc2)cc1)[Si]3(CCCCCC)CCCCCC,-5.6,-4.02,-2.7633,-1.8163,,,0,0,2.8367,2.2037,8.04686689,4.85629369
CCCCCCC1=CC=C(C2(C3=CC=C(CCCCCC)C=C3)C4=CC(C(SC(C5=CC(C6(CCCCCCCC)CCCCCCCC)=C(C7=C6C=C(/C=C(C8=O)/C(C9=CC(Cl)=C(Cl)C=C89)=C(C#N)/C#N)S7)S5)=C%10)=C%10C%11(C%12=CC=C(CCCCCC)C=C%12)C%13=CC=C(CCCCCC)C=C%13)=C%11C=C4C%14=C2C=C(C%15=CC(C%16(CCCCCCCC)CCCCCCCC)=C(C%17=C%16C=C(/C=C(C%18=O)/C(C%19=CC(Cl)=C(Cl)C=C%18%19)=C(C#N)\C#N)S%17)S%15)S%14)C=C1,CCCCCCCC(CCCC)COc1cc(C(=O)CC(F)C(CCCCCC)C[SiH](CCC(CC)CC)C(CCC)CCCCCC)c(OCC(CCCC)CCCCCC)c2c3c(sc12)C(=C1C(=O)C(=C(C#N)C#N)c2ccccc21)c1ccc(C=C2C(=O)C(=C(C#N)C#N)c4ccccc42)cc1-3,-5.5,-3.79,-5.5295,-2.2028,-0.0295,1.5872,0.00087025,2.51920384,,,0,0
O=C1C(/C(C2=CSC=C12)=C(C#N)\C#N)=C/C3=CC(C(C4=CC=C(CCCCCC)C=C4)(C5=CC=C(CCCCCC)C=C5)C6=CC7=C(C(C8=CC=C(CCCCCC)C=C8)(C9=CC=C(CCCCCC)C=C9)C%10=C7SC(/C=C(C%11=O)/C(C%12=CSC=C%11%12)=C(C#N)\C#N)=C%10)C=C%136)=C%13S3,CCCCCCc1ccc(C2=C3c4sc(C=C5C(=O)c6ccccc6C5=C(C#N)C#N)cc4SC3c3c4c(c5c(c32)CC23C=C(C=C6CCC(=O)C6=CC6=CC78C(=CSC7S6)c6c(c7c(c9c6C6Sc%10cc(C=C%11C(=O)c%12ccccc%12C%11=C(C#N)C#N)sc%10C6=C9c6ccc(CCCCCC)cc6)C6Sc9cc(C=C%10C(=O)c%11ccccc%11C%10=C(C#N)C#N)sc9C6=C7c6ccc(CCCCCC)cc6)C8=C6C(=O)c7ccccc7C6=C(C#N)C#N)SC2SC=C53)C2Sc3ccsc3C2=C4)cc1,-5.87,-3.92,-3.9256,-1.7455,1.9444,2.1745,3.78069136,4.72845025,,,0,0
O=C1C(/C(C2=CSC=C12)=C(C#N)\C#N)=C/C3=CC4=C(C(C(C5=CC=C(CCCCCC)C=C5)(C6=CC=C(CCCCCC)C=C6)C7=CC(C(SC(/C=C(C8=O)/C(C9=CSC=C89)=C(C#N)\C#N)=C%10)=C%10C%11(C%12=CC=C(CCCCCC)C=C%12)C%13=CC=C(CCCCCC)C=C%13)=C%11C=C%147)=C%14S4)S3,CCCCCCc1ccc(C2=C3c4sc(C=C5C(=O)c6ccccc6C5=C(C#N)C#N)cc4SC3c3c4c(c5c(c32)CC23C=C(C=C6CCC(=O)C6=CC6=CC78C(=CSC7S6)c6c(c7c(c9c6C6Sc%10cc(C=C%11C(=O)c%12ccccc%12C%11=C(C#N)C#N)sc%10C6=C9c6ccc(CCCCCC)cc6)C6Sc9cc(C=C%10C(=O)c%11ccccc%11C%10=C(C#N)C#N)sc9C6=C7c6ccc(CCCCCC)cc6)C8=C6C(=O)c7ccccc7C6=C(C#N)C#N)SC2SC=C53)C2Sc3ccsc3C2=C4)cc1,-5.68,-3.97,-3.829,-1.7904,1.851,2.1796,3.426201,4.75065616,,,0,0
O=C1C(/C(C2=CSC=C12)=C(C#N)\C#N)=C/C3=CC4C(C(C(C5=CC=C(CCCCCC)C=C5)(C6=CC=C(CCCCCC)C=C6)C7=CC(C(SC8=C9SC(/C=C(C%10=O)/C(C%11=CSC=C%10%11)=C(C#N)\C#N)=C8)=C9C%12(C%13=CC=C(CCCCCC)C=C%13)C%14=CC=C(CCCCCC)C=C%14)=C%12C=C%157)=C%15S4)S3,CCCCCCc1ccc(C2=C3c4sc(C=C5C(=O)c6ccccc6C5=C(C#N)C#N)cc4SC3c3c2c2c(c4c3C(=C3C(=O)c5ccccc5C3=C(C#N)C#N)C3=C(c5ccc(N(c6ccccc6)c6ccccc6)cc5)SC5SC(C=C6C(=O)c7ccccc7C6=C(C#N)C#N)=CC345)C(c3ccc(CCCCCC)cc3)=C3c4sc(C=C5C(=O)c6ccccc6C5=C(C#N)C#N)cc4SC32)cc1,-5.61,-3.96,-3.8794,-1.7412,,,0,0,1.7306,2.2188,2.99497636,4.92307344
O=C(C(/C1=C(C#N)/C#N)=C\C2=CC(C(C3=CC=C(CCCCCC)C=C3)(C4=CC=C(CCCCCC)C=C4)C5=C6SC7=C5C(C8=CC=C(CC(CC)CCCC)S8)=C(SC9=C%10C(C%11=CC=C(CCCCCC)C=C%11)(C%12=CC=C(CCCCCC)C=C%12)C%13=C9SC(/C=C%14\C(C(C=CC=C%15)=C%15C%14=O)=C(C#N)\C#N)=C%13)C%10=C7C%16=CC=C(CC(CC)CCCC)S%16)=C6S2)C%17=C1C=CC=C%17,CCCCC(C#N)C=O,-5.59,-3.91,-4.6266,-1.5057,,,0,0,0.9634,2.4043,0.92813956,5.78065849
CCCCCCC1=CC=C(S1)C2(C(S3)=CC=C3CCCCCC)C(C(SC(/C=C(C4=O)/C(C5=CSC=C45)=C(C#N)\C#N)=C6)=C6S7)=C7C8=CC9=C(C(SC(/C=C(C%10=O)/C(C%11=CSC=C%10%11)=C(C#N)\C#N)=C%12)=C%12C9(C(S%13)=CC=C%13CCCCCC)C(S%14)=CC=C%14CCCCCC)C=C28,CCCCCCCC(C#N)CCCC,-5.71,-4.01,-4.672,-2.0025,,,0,0,1.038,2.0075,1.077444,4.03005625
CCCCCCC1=CC=C(C=C1)C2(C(C=C3)=CC=C3CCCCCC)C(C(SC(/C=C(C4=O)/C(C5=CC=CC=C45)=C(C#N)\C#N)=C6)=C6S7)=C7C8=CC9=C(C(SC(/C=C(C%10=O)/C(C%11=CC=CC=C%10%11)=C(C#N)\C#N)=C%12)=C%12C9(C(C=C%13)=CC=C%13CCCCCC)C(C=C%14)=CC=C%14CCCCCC)C=C28,CCCCCCCC(C#N)CCCC,-5.6,-3.87,-4.6626,-2.2296,,,0,0,0.9374,1.6404,0.87871876,2.69091216
O=C1C(/C(C2=CC(Cl)=C(Cl)C=C12)=C(C#N)/C#N)=C/C3=CC(C(C4=CC=C(CCCCCC)C=C4)(C5=CC=C(CCCCCC)C=C5)C6=C7SC8=C(C9=CC=C(CC(CC)CCCC)S9)C%10=C(SC%11=C%10C(C%12=CC=C(CCCCCC)C=C%12)(C%13=CC=C(CCCCCC)C=C%13)C%14=C%11SC(/C=C(C%15=O)/C(C%16=CC(Cl)=C(Cl)C=C%15%16)=C(C#N)/C#N)=C%14)C(C%17=CC=C(CC(CC)CCCC)S%17)=C68)=C7S3,CCCCCCC(C=O)CCCC,-5.67,-3.9,-4.5833,-1.6976,,,0,0,1.0867,2.2024,1.18091689,4.85056576
O=C1C(/C(C2=CC(Cl)=C(Cl)C=C12)=C(C#N)/C#N)=C/C3=CC(C(C4=CC=C(CCCCCC)C=C4)(C5=CC=C(CCCCCC)C=C5)C6=C7SC8=C(C9=CC(F)=C(CC(CC)CCCC)S9)C%10=C(SC%11=C%10C(C%12=CC=C(CCCCCC)C=C%12)(C%13=CC=C(CCCCCC)C=C%13)C%14=C%11SC(/C=C(C%15=O)/C(C%16=CC(Cl)=C(Cl)C=C%15%16)=C(C#N)/C#N)=C%14)C(C%17=CC(F)=C(CC(CC)CCCC)S%17)=C68)=C7S3,CCCCC(C=O)C=O,-5.7,-3.91,-4.7513,-1.6464,,,0,0,0.9487,2.2636,0.90003169,5.12388496
O=C1C(/C(C2=CC(Cl)=C(Cl)C=C12)=C(C#N)\C#N)=C/C3=CC(C(C4=CC=C(CCCCCC)C=C4)(C5=CC=C(CCCCCC)C=C5)C6=C7SC8=C(C9=CC(Cl)=C(CC(CC)CCCC)S9)C%10=C(SC%11=C%10C(C%12=CC=C(CCCCCC)C=C%12)(C%13=CC=C(CCCCCC)C=C%13)C%14=C%11SC(/C=C(C%15=O)/C(C%16=CC(Cl)=C(Cl)C=C%15%16)=C(C#N)/C#N)=C%14)C(C%17=CC(Cl)=C(CC(CC)CCCC)S%17)=C68)=C7S3,CCCCC(C=O)C=O,-5.72,-3.92,-4.6814,-1.7125,,,0,0,1.0386,2.2075,1.07868996,4.87305625
CCC(CCCC)COC1=C2C(C(C3=CC=C(CCCCCC)C=C3)(C4=CC=C(CCCCCC)C=C4)C5=C6SC(/C=C7C8=NC(C#N)=C(C#N)N=C8C9=CC=CC=C\79)=C5)=C6SC2=C(OCC(CC)CCCC)C%10=C1SC%11=C%10C(C%12=CC=C(CCCCCC)C=C%12)(C%13=CC=C(CCCCCC)C=C%13)C%14=C%11SC(/C=C%15C%16=NC(C#N)=C(C#N)N=C%16C%17=CC=CC=C/%15%17)=C%14,CCCCCCc1ccc(C2=C3C=C(C=C4c5ccccc5-c5nc(C#N)c(C#N)nc54)SC3c3sc4c(OCC(CC)CCCC)c5c6c(sc5c(OCC(CC)CCCC)c4c32)C2SC(C=C3c4ccccc4-c4nc(C#N)c(C#N)nc43)=CC2=C6c2ccc(CCCCCC)cc2)cc1,-5.47,-3.79,-1.814,-0.5808,,,0,0,3.656,3.2092,13.366336,10.29896464
CCC(CCCC)COC1=C2C(C(C3=CC=C(CCCCCC)C=C3)(C4=CC=C(CCCCCC)C=C4)C5=C6SC(/C=C(C7=O)\C(C8=CC=CC=C78)=C(C#N)\C#N)=C5)=C6SC2=C(OCC(CC)CCCC)C9=C1SC%10=C9C(C%11=CC=C(CCCCCC)C=C%11)(C%12=CC=C(CCCCCC)C=C%12)C%13=C%10SC(/C=C(C%14=O)/C(C%15=CC=CC=C%14%15)=C(C#N)/C#N)=C%13,CCCCCCc1ccc(C2=C3C=C(C=C4C(=O)C(=C(C#N)C#N)c5ccccc54)SC3c3sc4c(OCC(CC)CCCC)c5c6c(sc5c(OCC(CC)CCCC)c4c32)C2SC(C=C3c4ccccc4-c4nc(C#N)c(C#N)nc43)=CC2=C6c2ccc(CCCCCC)cc2)cc1,-5.39,-3.87,-3.4203,-1.0349,1.9697,2.8351,3.87971809,8.03779201,,,0,0
C1(C2=C/3C=CC=C2)=CC=CC=C1C3=C4C5=C(C=CC=C5)C6=CC=CC=C6\4,C=C1C2(CC=CCC2)C2(CC=CCC2)C12CC=CCC2,-5.58,-3.37,-0.2745,-0.2976,,,0,0,5.3055,3.0724,28.14833025,9.43964176
COC1=CC=C2C(C3=CC(OC)=CC=C3/C2=C4C5=CC=C(OC)C=C5C6=CC(OC)=CC=C\46)=C1,COc1cccc2c1C(C)(C)c1cc(C=Cc3ccc(C=C(C#N)C(=O)O)s3)ccc1-2,-5.11,-3.11,-0.3116,-2.0184,,,0,0,4.7984,1.0916,23.02464256,1.19159056
CCCCCCCCCCCCCCOC1=CC=C2C(C3=CC(OCCCCCCCCCCCCCC)=CC=C3/C2=C4C5=CC=C(OCCCCCCCCCCCCCC)C=C5C6=CC(OCCCCCCCCCCCCCC)=CC=C\46)=C1,CCCCCCCO,-5.06,-3.09,-0.265,-0.0093,,,0,0,4.795,3.0807,22.992025,9.49071249
C1(/C2=CC3=CC=CC=C3C=C2C4=CC5=CC=CC=C5C=C14)=C6C7=CC=CC=C7C8=CC=CC=C\68,C=C1C(=C)c2ccccc2C1=C1C(=O)N(C)c2ccccc21,-5.41,-3.36,-0.2618,-0.8835,5.1482,2.4765,26.50396324,6.13305225,,,0,0
COC1=CC=C2C(C3=CC(OC)=CC=C3/C2=C4C5=CC6=CC=CC=C6C=C5C7=CC8=CC=CC=C8C=C\47)=C1,COc1cccc2c1C(C)(C)c1cc(C=C3c4ccccc4-c4ccc(-c5cc6c(s5)OCCO6)cc43)ccc1-2,-5.17,-3.24,-0.2688,-2.1004,,,0,0,4.9012,1.1396,24.02176144,1.29868816
C1(/C2=CC3=CC=CC=C3C=C2C4=C1C=C(C=CC=C5)C5=C4)=C6C7=CC8=CC=CC=C8C=C7C9=C\6C=C(C=CC=C%10)C%10=C9,C=c1c(=C2C(=O)N(C)c3ccccc32)[nH]c2ccccc12,-5.25,-3.35,-0.2243,-0.6105,5.0257,2.7395,25.25766049,7.50486025,,,0,0
COC1=CC=C2C(/C(C3=CC(OC)=CC=C23)=C4C5=CC(OC)=CC=C5C6=CC=C(OC)C=C/46)=C1,COc1cccc2c1C(C)(C)c1cc(C=Cc3ccc(C=C(C#N)C(=O)O)s3)ccc1-2,-5.38,-3.39,-0.3151,-2.2276,,,0,0,5.0649,1.1624,25.65321201,1.35117376
CCC(CCCC)CN1C(C(C(C2=CC=C(CCCCCC)C=C2)(C3=CC=C(CCCCCC)C=C3)C4=CC(C(SC(/C=C(C5=O)/C(C6=CC=CC=C56)=C(C#N)/C#N)=C7)=C7C8(C9=CC=C(CCCCCC)C=C9)C%10=CC=C(CCCCCC)C=C%10)=C8C=C%114)=C%11S%12)=C%12C%13=C1C=C(/C=C(C%14=O)/C(C%15=CC=CC=C%14%15)=C(C#N)\C#N)S%13,CCCCCCc1ccc(C2=C3C=C(C=C4C(=O)C(=C(C#N)C#N)c5ccccc54)SC3c3sc4c(OCC(CC)CCCC)c5c6c(sc5c(OCC(CC)CCCC)c4c32)C2SC(C=C3C(=O)C(=C(C#N)C#N)c4ccccc43)=CC2=C6c2ccc(CCCCCC)cc2)cc1,-5.3,-3.85,-2.9746,-1.4752,2.3254,2.3748,5.40748516,5.63967504,,,0,0
CCC(CCCC)CN1C(C(C(C2=CC=C(CCCCCC)C=C2)(C3=CC=C(CCCCCC)C=C3)C4=CC(C(SC(/C=C(C5=O)\C(C6=CC=C(Cl)C=C56)=C(C#N)\C#N)=C7)=C7C8(C9=CC=C(CCCCCC)C=C9)C%10=CC=C(CCCCCC)C=C%10)=C8C=C%114)=C%11S%12)=C%12C%13=C1C=C(/C=C(C%14=O)/C(C%15=CC=C(Cl)C=C%14%15)=C(C#N)/C#N)S%13,CCCCCCc1ccc(C2=C3C=C(C=C4C(=O)C(=C(C#N)C#N)c5ccccc54)SC3c3sc4c(OCC(CC)CCCC)c5c6c(sc5c(OCC(CC)CCCC)c4c32)C2SC(C=C3C(=O)C(=C(C#N)C#N)c4ccccc43)=CC2=C6c2ccc(CCCCCC)cc2)cc1,-5.36,-3.92,-3.1319,-1.5134,2.2281,2.4066,4.96442961,5.79172356,,,0,0
CCC(CCCC)CN1C(C(C(C2=CC=C(CCCCCC)C=C2)(C3=CC=C(CCCCCC)C=C3)C4=CC(C(SC(/C=C(C5=O)/C(C6=CC(Cl)=C(Cl)C=C56)=C(C#N)/C#N)=C7)=C7C8(C9=CC=C(CCCCCC)C=C9)C%10=CC=C(CCCCCC)C=C%10)=C8C=C%114)=C%11S%12)=C%12C%13=C1C=C(/C=C(C%14=O)/C(C%15=CC(Cl)=C(Cl)C=C%14%15)=C(C#N)\C#N)S%13,CCCCCCc1ccc(C2=C3C=C(C=C4C(=O)C(=C(C#N)C#N)c5ccccc54)SC3c3sc4c(OCC(CC)CCCC)c5c6c(sc5c(OCC(CC)CCCC)c4c32)C2SC(C=C3C(=O)C(=C(C#N)C#N)c4ccccc43)=CC2=C6c2ccc(CCCCCC)cc2)cc1,-5.35,-3.97,-3.3264,-1.5725,2.0236,2.3975,4.09495696,5.74800625,,,0,0
CCCCCCC1=CC=C(C=C1)C(C2=CC(C(SC3=C4SC5=C3C(C=C6C7=O)=C8C9=C5C=C%10C%11=C9C(C%12=CC=C(C(N7C(CCCCC)CCCCC)=O)C6=C%128)=CC=C%11C(N(C%10=O)C(CCCCC)CCCCC)=O)=C4C%13(C%14=CC=C(CCCCCC)C=C%14)C%15=CC=C(CCCCCC)C=C%15)=C%13C=C%162)(C%17=CC=C(CCCCCC)C=C%17)C%18=C%16SC%19=C%18SC%20=C%19C%21=C%22C%23=C(C%24=CC=C%23C%25=CC=C(C%26=O)C%27=C%25C%22=C%20C=C%27C(N%26C(CCCCC)CCCCC)=O)C(C(N(C%24=O)C(CCCCC)CCCCC)=O)=C%21,CCCCCCCC(CCCC)CCCCCC,-5.58,-3.87,-5.1332,-2.631,0.4468,1.239,0.19963024,1.535121,,,0,0
O=C1C(/C(C2=CC=CC=C12)=C(C#N)/C#N)=C/C3=CC(C(C4=CC=C(CCCCCC)C=C4)(C5=CC=C(CCCCCC)C=C5)C6=C7SC8=CC9=C(SC%10=C9C(C%11=CC=C(CCCCCC)C=C%11)(C%12=CC=C(CCCCCC)C=C%12)C%13=C%10SC(/C=C(C%14=O)/C(C%15=CC=CC=C%14%15)=C(C#N)/C#N)=C%13)C=C68)=C7S3,CCCCC(C#N)C=O,-5.4,-3.83,-4.0495,-1.7996,,,0,0,1.3505,2.0304,1.82385025,4.12252416
O=C(N1CC(CC)CCCC)C2=C(C3=CC=C(C4=CC=C(C(N5CC(CC)CCCC)=O)C6=C4C=CC=C6C5=O)S3)C7=NSN=C7C(C8=CC=C(C9=CC=C(C(N%10CC(CC)CCCC)=O)C%11=C9C=CC=C%11C%10=O)S8)=C2C1=O,CCC(C#N)C(F)(F)C=O,-5.62,-3.65,-2.6514,-0.0616,2.9686,3.5884,8.81258596,12.87661456,,,0,0
O=C(N(C1=O)C(CCCCCC)CCCCCC)C2=CC(C3=CC=C4C(C5(C6=CC(C7=C(C8=CC=C(C(N9C(CCCCCC)CCCCCC)=O)C%10=C8C%11=CC=C%10C9=O)C(C%11=CC=C%12C%13=O)=C%12C(C(N%13C(CCCCCC)CCCCCC)=O)=C7)=CC=C46)C%14=CC(C%15=C(C%16=CC=C(C(N%17C(CCCCCC)CCCCCC)=O)C%18=C%16C%19=CC=C%18C%17=O)C(C%19=CC=C%20C%21=O)=C%20C(C(N%21C(CCCCCC)CCCCCC)=O)=C%15)=CC=C%14C%22=CC=C(C%23=C(C%24=CC=C(C(N%25C(CCCCCC)CCCCCC)=O)C%26=C%24C%27=CC=C%26C%25=O)C(C%27=CC=C%28C%29=O)=C%28C(C(N%29C(CCCCCC)CCCCCC)=O)=C%23)C=C5%22)=C3)=C%30C%31=C2C1=CC=C%31C%32=CC=C(C%33=O)C%34=C%32C%30=CC=C%34C(N%33C(CCCCCC)CCCCCC)=O,CC(C#N)CC(=O)C=O,-5.97,-3.78,-4.2569,-1.0716,1.7131,2.7084,2.93471161,7.33543056,,,0,0
O=C(N1CC(CCCC)CCCCCC)/C(C2=CC=C(C3=C(CC(CCCC)CCCCCC)C=C(/C=C(C4=O)\C(C5=CC=CC=C45)=C(C#N)/C#N)S3)C=C12)=C6C7=CC=C(C8=C(CC(CCCC)CCCCCC)C=C(/C=C(C9=O)/C(C%10=CC=CC=C9%10)=C(C#N)\C#N)S8)C=C7N(CC(CCCC)CCCCCC)C\6=O,N#CCCC(=O)C=O,-5.99,-3.95,-4.7227,-0.9072,1.2673,3.0428,1.60604929,9.25863184,,,0,0
O=C(N1CC(CCCC)CCCCCC)/C(C2=CC=C(C(SC(/C=C(C3=O)\C(C4=CC=CC=C34)=C(C#N)\C#N)=C5)=C5OCC(CCCC)CCCCCC)C=C12)=C6C7=CC=C(C(SC(/C=C(C8=O)/C(C9=CC=CC=C89)=C(C#N)\C#N)=C%10)=C%10OCC(CCCC)CCCCCC)C=C7N(CC(CCCC)CCCCCC)C\6=O,N#CCCC(=O)C=O,-5.74,-3.93,-4.555,-0.9525,,,0,0,1.185,2.9775,1.404225,8.86550625
CCCCCCC1=CC=C(C2(C3=CC=C(CCCCCC)C=C3)C(C=C(/C=C4C(C5=C(C/4=C(C#N)/C#N)C=CC=C5)=O)S6)=C6C7=CC8=C(C(SC9=C%10SC(/C=C%11/C(C(C=CC=C%12)=C%12C%11=O)=C(C#N)\C#N)=C9)=C%10C8(C%13=CC=C(CCCCCC)C=C%13)C%14=CC=C(CCCCCC)C=C%14)C=C27)C=C1,CCCCCCCC(C#N)CCCC,-5.62,-3.9,-4.8358,-2.0925,,,0,0,0.7842,1.8075,0.61496964,3.26705625
CCCCCCC1=CC=C(C2(C3=CC=C(CCCCCC)C=C3)C(C(SC4=C5SC(/C=C6C(C7=C(C/6=C(C#N)\C#N)C=CC=C7)=O)=C4)=C5S8)=C8C9=CC%10=C(C(SC%11=C%12SC(/C=C%13/C(C(C=CC=C%14)=C%14C%13=O)=C(C#N)\C#N)=C%11)=C%12C%10(C%15=CC=C(CCCCCC)C=C%15)C%16=CC=C(CCCCCC)C=C%16)C=C29)C=C1,CCCCCCCC(C#N)CCCC,-5.54,-3.91,-4.8799,-2.3067,0.6601,1.6033,0.43573201,2.57057089,,,0,0
CCCCCCC1=CC=C(C2(C3=CC=C(CCCCCC)C=C3)C4=CC(C(SC(C(SC(/C=C(C5=O)/C(C6=CC(F)=C(F)C=C56)=C(C#N)\C#N)=C7OC)=C7OC)=C8)=C8C9(C%10=CC=C(CCCCCC)C=C%10)C%11=CC=C(CCCCCC)C=C%11)=C9C=C4C%12=C2C=C(C(SC(/C=C(C%13=O)/C(C%14=CC(F)=C(F)C=C%13%14)=C(C#N)/C#N)=C%15OC)=C%15OC)S%12)C=C1,CCCCCCCC(CCCC)COc1c(C(=O)COC)c2c3c(sc2c2c4c(sc12)C(=C1C(=O)C(=C(C#N)C#N)c2ccccc21)c1ccc(OCC(CC)CCCC)cc1-4)C(=C1C(=O)C(=C(C#N)C#N)c2ccccc21)c1ccc(OCC(CC)CCCC)cc1-3,-5.49,-3.85,-4.885,-2.2605,0.605,1.5895,0.366025,2.52651025,,,0,0
O=C1C(/C(C2=CC(Cl)=C(Cl)C=C12)=C(C#N)\C#N)=C/C3=CC(C(C4=CC=C(CCCCCC)C=C4)(C5=CC=C(CCCCCC)C=C5)C6=C7SC8=C(C9=CC(F)=C(CC(CC)CCCC)S9)C%10=C(SC%11=C%10C(C%12=CC=C(CCCCCC)C=C%12)(C%13=CC=C(CCCCCC)C=C%13)C%14=C%11SC(/C=C(C%15=O)/C(C%16=CC(Cl)=C(Cl)C=C%15%16)=C(C#N)/C#N)=C%14)C(C%17=CC(F)=C(CC(CC)CCCC)S%17)=C68)=C7S3,CCCCC(C=O)C=O,-5.7,-3.91,-4.7513,-1.6464,0.9487,2.2636,0.90003169,5.12388496,,,0,0
CCCCCCC1=CC=C(C2(C3=CC=C(CCCCCC)S3)C(C(SC(/C=C(C4=O)\C(C5=CSC=C45)=C(C#N)/C#N)=C6)=C6S7)=C7C8=CC9=C(C(SC(/C=C(C%10=O)/C(C%11=CSC=C%10%11)=C(C#N)\C#N)=C%12)=C%12C9(C%13=CC=C(CCCCCC)S%13)C%14=CC=C(CCCCCC)S%14)C=C28)S1,CCCCCCCC(C#N)CCCC,-5.71,-4.01,-4.672,-2.0025,1.038,2.0075,1.077444,4.03005625,,,0,0
O=C1C(/C(C2=CC=CC=C12)=C(C#N)\C#N)=C/C3=CC4=C(C(C(C5=CC=C(CCCCCC)C=C5)(C6=CC=C(CCCCCC)C=C6)C7=CC(C(SC(/C=C(C8=O)/C(C9=CC=CC=C89)=C(C#N)/C#N)=C%10)=C%10C%11(C%12=CC=C(CCCCCC)C=C%12)C%13=CC=C(CCCCCC)C=C%13)=C%11C=C%147)=C%14S4)S3,CCCCC(C#N)C=O,-5.6,-3.87,-3.9483,-1.7316,1.6517,2.1384,2.72811289,4.57275456,,,0,0
CCCCCCCCOC(C(SC(/C=C(C1=O)\C(C2=CC=CC=C12)=C(C#N)/C#N)=C3OCCCCCCCC)=C3S4)=C4C5=CC=C6C(C7(C8=CC(C(SC9=C%10SC(/C=C(C%11=O)/C(C%12=CC=CC=C%11%12)=C(C#N)\C#N)=C9OCCCCCCCC)=C%10OCCCCCCCC)=CC=C68)C%13=CC(C(SC%14=C%15SC(/C=C(C%16=O)\C(C%17=CC=CC=C%16%17)=C(C#N)/C#N)=C%14OCCCCCCCC)=C%15OCCCCCCCC)=CC=C%13C%18=CC=C(C(SC%19=C%20SC(/C=C(C%21=O)/C(C%22=CC=CC=C%21%22)=C(C#N)/C#N)=C%19OCCCCCCCC)=C%20OCCCCCCCC)C=C7%18)=C5,CCCCCCO,-4.01,-5.81,-0.2674,-0.0339,3.7426,5.7761,14.00705476,33.36333121,,,0,0
CCCCCC[Si]1(C(C(SC(C2=C3C=C(/C=C4/C(C(C=CC=C5)=C5C4=O)=C(C#N)/C#N)S2)=C6[Si]3(CCCCCC)CCCCCC)=C6S7)=C7C8=C1C=C(/C=C9/C(C(C=CC=C%10)=C%10C9=O)=C(C#N)/C#N)S8)CCCCCC,CCCCCCCCC1=C(C)CC(CCCCCCCCC2SC=C3SC=C4C32c2cc(C=C3C(=O)C(=C(C#N)C#N)c5ccccc53)sc2[Si]4(CCCCCC)CCCCCC)[SiH2]1,-5.58,-4.21,-2.3867,-1.6881,,,0,0,3.1933,2.5219,10.19716489,6.35997961
CCCCCCCCC1=C2C(C(C3=CC=C(CCCCCC)C=C3)(C4=CC=C(CCCCCC)C=C4)C5=C6SC(/C=C(C7=O)\C(C8=CC=CC=C78)=C(C#N)/C#N)=C5)=C6SC2=C(CCCCCCCC)C9=C1SC%10=C9C(C%11=CC=C(CCCCCC)C=C%11)(C%12=CC=C(CCCCCC)C=C%12)C%13=C%10SC(/C=C(C%14=O)/C(C%15=CC=CC=C%14%15)=C(C#N)/C#N)=C%13,CCCCCCCC=Cc1ccc(C=Cc2ccc(N(c3ccc4sc5c(c4c3)-c3ccccc3C5=C3C(=O)C(=C(C#N)C#N)c4ccccc43)c3ccccc3C=CC3=CSC(CCCCCC4=CSC(CCCCCCCCCC)C4)C3)cc2)s1,-5.36,-3.89,-2.5123,-1.8042,2.8477,2.0858,8.10939529,4.35056164,,,0,0
CCCCCCOC1=CC=CC(C2(C3=CC(OCCCCCC)=CC=C3)C(C(SC(/C=C(C4=O)\C(C5=CC(Cl)=C(Cl)C=C45)=C(C#N)/C#N)=C6)=C6S7)=C7C8=CC9=C(C(SC%10=C%11SC(/C=C(C%12=O)/C(C%13=CC(Cl)=C(Cl)C=C%12%13)=C(C#N)/C#N)=C%10)=C%11C9(C%14=CC(OCCCCCC)=CC=C%14)C%15=CC(OCCCCCC)=CC=C%15)C=C28)=C1,CCCCCCOc1cc2c3c(sc2c2cc(C=Cc4ccc(C=Cc5ccccc5N(C)C=Cc5ccc(C=Cc6ccc(C=Cc7ccc(C=Cc8ccc(C=Cc9ccc(C=Cc%10ccccc%10N(C=O)CCCC)s9)cc8N(C=O)C=Cc8ccc(N(c9ccccc9)c9ccccc9)cc8)s7)cc6N(C=O)CCCCCC)s5)s4)sc12)-c1ccc2c(c1C3(c1ccc(CCCCCC)cc1)c1ccc(CCCCCC)cc1)C(c1cccc(CCCCCC)c1)=C1C=C(C=C3C(=O)C(=C(C#N)C#N)c4ccccc43)SC12,-5.78,-4.05,-1.8269,-0.8108,,,0,0,3.9531,3.2392,15.62699961,10.49241664
O=C(N(C1=O)CC(CC)CCCC)C2=C(C3=CC=C(C4=CC=C(N(C5=CC=C(C6=CC=C(C7=C(C(N(CC(CC)CCCC)C8=O)=O)C(C8=CC=C9C%10=C%11OCCOC)=C9C(C%12=CC=C(C%13=O)C(C(C(N%13CC(CC)CCCC)=O)=C%11)=C%12%10)=C7)S6)C=C5)C%14=CC=C(C%15=CC=C(C%16=C(C(N(CC(CC)CCCC)C%17=O)=O)C(C%17=CC=C%18C%19=C%20OCCOC)=C%18C(C%21=CC=C(C%22=O)C(C(C(N%22CC(CC)CCCC)=O)=C%20)=C%21%19)=C%16)S%15)C=C%14)C=C4)S3)C=C(C%23=CC=C(C%24=O)C%25=C%23%26)C%27=C2C1=CC=C%27C%26=C(C=C%25C(N%24CC(CC)CCCC)=O)OCCOC,CCC(C#N)C(=O)C=O,-5.6,-3.8,-3.8124,-1.1124,,,0,0,1.7876,2.6876,3.19551376,7.22319376
CCC(N1C(/C=C/C2=CC=C(/C=C/C3=NC(C#N)=C(C#N)N3C(CC)CCCC)C4=NSN=C24)=NC(C#N)=C1C#N)CCCC,CCCCCCNCC(CC)CCCC,-6.1,-3.6,-0.2659,0.0265,5.8341,3.6265,34.03672281,13.15150225,,,0,0
O=C1C(/C(C2=CSC(C)=C12)=C(C#N)\C#N)=C\C3=CC(C(C4=CC=C(CCCCCC)C=C4)(C5=CC=C(CCCCCC)C=C5)C6=C7SC8=C(C9=CC=C(CC(CC)CCCC)S9)C%10=C(SC%11=C%10C(C%12=CC=C(CCCCCC)C=C%12)(C%13=CC=C(CCCCCC)C=C%13)C%14=C%11SC(/C=C(C%15=O)\C(C%16=CSC(C)=C%15%16)=C(C#N)\C#N)=C%14)C(C%17=CC=C(CC(CC)CCCC)S%17)=C68)=C7S3,CCCCCCC(C=O)CCCC,-5.59,-3.86,-4.7487,-1.5326,0.8413,2.3274,0.70778569,5.41679076,,,0,0
CCC(CCCC)COC1=C2C(C(C3=CC=C(CCCCCC)C=C3)(C4=CC=C(CCCCCC)C=C4)C5=C6SC(/C=C(C7=O)/C(C8=CSC(C)=C78)=C(C#N)\C#N)=C5)=C6SC2=C(OCC(CC)CCCC)C9=C1SC%10=C9C(C%11=CC=C(CCCCCC)C=C%11)(C%12=CC=C(CCCCCC)C=C%12)C%13=C%10SC(/C=C(C%14=O)\C(C%15=CSC(C)=C%14%15)=C(C#N)/C#N)=C%13,CCCCCCc1ccc(C2=C3C=C(C=C4C(=O)C(=C(C#N)C#N)c5ccccc54)SC3c3sc4c(OCC(CC)CCCC)c5c6c(sc5c(OCC(CC)CCCC)c4c32)C2SC(C=C3c4ccccc4-c4nc(C#N)c(C#N)nc43)=CC2=C6c2ccc(CCCCCC)cc2)cc1,-5.42,-3.94,-3.4846,-0.9141,,,0,0,1.9354,3.0259,3.74577316,9.15607081
CCCCCCC1=CC=C(C2(C3=CC=C(CCCCCC)C=C3)C(C(SC(C(C=C(OC)C(/C=C(C#N)/C#N)=C4)=C4OC)=C5)=C5S6)=C6C7=CC8=C(C(SC9=C%10SC(C(C=C(OC)C(/C=C(C#N)/C#N)=C%11)=C%11OC)=C9)=C%10C8(C%12=CC=C(CCCCCC)C=C%12)C%13=CC=C(CCCCCC)C=C%13)C=C27)C=C1,CCCCCCCC(C#N)CCCC,-5.98,-3.81,-4.9605,-2.1452,,,0,0,1.0195,1.6648,1.03938025,2.77155904
CCCCCCC1(C2=CC(C(SC(/C=C(C3=O)/C(C4=CC(Cl)=C(Cl)C=C34)=C(C#N)\C#N)=C5)=C5C6(CCCCCC)CCCCCC)=C6C=C2C7=C1C=C(/C=C(C8=O)/C(C9=CC(Cl)=C(Cl)C=C89)=C(C#N)\C#N)S7)CCCCCC,CCCCCCC(CC(=O)CC#N)C(=O)C#N,-4.01,-5.81,-4.6712,-2.2265,-0.6612,3.5835,0.43718544,12.84147225,,,0,0
,,,,,,,,3.340748757,3.691448969,,,4.217217917,2.852333541