original,reconstructed,org_homo,org_lumo,homo,lumo,Testing,,,,Training,,,
O=C(N1CC(CCCC)CCCCCC)/C(C2=CC=C(C(SC(/C=C(C3=O)/C(C4=CC=CC=C34)=C(C#N)\C#N)=C5)=C5CC(CCCC)CCCCCC)C=C12)=C6C7=CC=C(C(SC(/C=C(C8=O)/C(C9=CC=CC=C89)=C(C#N)\C#N)=C%10)=C%10CC(CCCC)CCCCCC)C=C7N(CC(CCCC)CCCCCC)C\6=O,C.C.C.C.C.C.C.C.C.CC1=CC=C(c2cc(C)c(C3=CC(C)CC(=O)C3)s2)C2(C(=O)C=Cc3cc4c(cc32)c2cc(C3=CC5(CC(=O)C=CC5=O)C5(CC(=O)C=CC5=O)C5=C3C(=O)N(C)C5=O)sc2c2cc(C3=CC5(CC(=O)C=CC5=O)C5(CC(=O)C=CC5=O)C5=C3C(=O)N(C)C5=O)sc42)C1C,-5.99,-3.95,-6.3134,-4.4041,,,0,0,-0.3234,-0.4541,0.10458756,0.20620681
CCCCCCCCC1=C2C(C(C3=CC=C(CCCCCC)C=C3)(C4=CC=C(CCCCCC)C=C4)C5=C6SC(/C=C(C7=O)\C(C8=CC(Cl)=C(Cl)C=C78)C(C#N)C#N)=C5)=C6SC2=C(CCCCCCCC)C9=C1SC%10=C9C(C%11=CC=C(CCCCCC)C=C%11)(C%12=CC=C(CCCCCC)C=C%12)C%13=C%10SC(/C=C(C%14=O)/C(C%15=CC(Cl)=C(Cl)C=C%14%15)=C(C#N)/C#N)=C%13,C.C.C.C.C.C.C.C.C.C.C.C.C.C.C.C.C.C.C.C.C.C.C.C.C.C.C.C.C.C.C.C.C.C.C.C.C.C.C.C.C.C.C.C.C.C.C.C.C.C.C.C.C.C.C.C.C.C.C.C.C.C.C.C.C.C.C.C.C.C.C.C.C.C.C.C.C.C.C.C.C.C.C.C.C.C.C.C.C.C.C.C.C.C.C.C.C.C.C.C.C.C.C.C.C.C.C.C.C.C.C.C.C.C.C.C.C.C.C.C.C.C.C.C.C.C.C.C.C.C.C.C.C.C.C.C.C.C.C.C.C.C.C.C.C.C.C.C.C.C.C=C.C=C.C=C.C=C.C=C.C=C.C=C.C=C.C=C.C=C.C=C.C=C.C=C.C=C.C=C.C=C.C=C.C=C.C=C.C=C.C=C.C=C.C=C.C=C.C=C.C=C.C=C.C=C.C=C.C=C.C=C.C=C.C=C.C=C.C=C.C=C.C=C.C=C.C=C.C=C.C=C.C=C.C=C.C=C.CC1=Cc2cc3c(cc2C2(C1)C(C)C=CC14CC(C)=CC56CC(C)=CC7c8c9c(cc(C)c8C(C)=CC75C=C(C)CC16C=CC(C)C24)C1=c2c(ccc4cc5c(cc24)C=CC(=O)C52C(c4ccc(C5C=C6C=CCC(=O)C6=CC5)s4)=CC=CC2C)=CCC1C=C9)CCc1cc2ccc4c(c2cc1-3)=C1c2ccc3c5c(c(C)cc3c2C=CC1CC=4)C=CC12C=C(C)C3=C(C4C=CCC6C=Cc7c(ccc8c7ccc7c8ccc8c7ccc7c8ccc8c7ccc7c8ccc8c7ccc7c8ccc8c7ccc7c9ccc%10c%11ccc%12c%13ccc%14c%15ccc%16c%17c(c(C)cc%16c%15ccc%14c%13ccc%12c%11ccc%10c9ccc78)CCc7cc8c9c(c(C)cc8cc7-%17)C=CC7C(C)=CC8=C(C97)C7C=CCC9C=Cc%10c(ccc%11c%10ccc%10c%11ccc%11c%10ccc%10c%11ccc%11c%12ccc%13c%14ccc%15c%16c(c(C)cc%15c%14ccc%13c%12ccc%10%11)CCc%10cc%11c%12c(c(C)cc%11cc%10-%16)C=CC%10C(C)=CC%11=C(CC(C)C=C%11)C%12%10)C97C=C8C)C64C=C3C)C51C=CCC2,-5.6,-4.02,-6.1777,-4.3378,,,0,0,-0.5777,-0.3178,0.33373729,0.10099684
CCCCCCC1=CC=C(C2(C3=CC=C(CCCCCC)C=C3)C4=CC(C(SC(C5=CC(C6(CCCCCCCC)CCCCCCCC)=C(C7=C6C=C(/C=C(C8=O)/C(C9=CC(Cl)=C(Cl)C=C89)=C(C#N)/C#N)S7)S5)=C%10)=C%10C%11(C%12=CC=C(CCCCCC)C=C%12)C%13=CC=C(CCCCCC)C=C%13)=C%11C=C4C%14=C2C=C(C%15=CC(C%16(CCCCCCCC)CCCCCCCC)=C(C%17=C%16C=C(/C=C(C%18=O)/C(C%19=CC(Cl)=C(Cl)C=C%18%19)=C(C#N)\C#N)S%17)S%15)S%14)C=C1,C.C.C.C.C.C.C.C.C.C.C.C.C.C.C.C.C.C.C.C.C.C.C.C.C.C.C.C.C.C.C.C.C.C.C.C.C.C.C.C.C.C.C.C.C.C.C.C.C.C.C.C.C.C.C.C.C.C.C.C.C.C.C.C.C.C.C.C.C.C.C.C.C.C.C.C.C.C.C.C.C.C.C.C.C.C.C.C.C.C.C.C.C.C.C.C.C.C.C.C.C.C.C.C.C.C.C.C.C.C.C.C.C.C.C.C.C.C.C.C.C.C.C.C.C.C.C.C.C.C.C.C.C.C.C.C.C.C.C.C.C.C.C.C.C.C=C.C=C.C=C.C=C.C=C.C=C.C=C.C=C.C=C.C=C.C=C.C=C.C=C.C=C.C=C.C=C.C=C.C=C.C=C.C=C.C=C.C=C.C=C.C=C.C=C.C=C.C=C.C=C.C=C.C=C.C=C.C=C1CC2(c3cc(C)c4c(cc(C)c5c(C)cc6ccc7cc8c(cc(C)c9c%10c(c(C)cc98)-c8c(c(C)cc9c8ccc8c9ccc9c8ccc8c9ccc9c8ccc8c9ccc9c%11ccc%12c%13ccc%14c%15ccc%16c(c%15ccc%14c%13ccc%12c%11ccc98)C=CC8CC=CC9C%11=C(C(C)=CC%1689)C89c%12ccc%13c(c%12C=CC8CC=CC9c8c%11c(C)cc9c%11c(c%12ccc%14c(c%12c89)C=CC8CC=c9ccc%12c%15c(c(C)cc%12c9=C%148)C=CCC%158C(C9C=C%12C(S)=CCC(=O)C%12=CC9C)=CC=C(C)C8C)CCC=C%11)CCC=C%13)CC%10=C)cc7c6c54)c3C=CC2C)c2ccc3cc(C)c4c(c3c2N1)C1C2=C(C=C(C)C1C=C4)C(C)=CC13C(C)=Cc4c5c(cc(C)c4C1C(C)C=CC23)C1(CC(=C)Nc2c1ccc1ccc3c4ccc6c7c(c(C)cc6c4ccc3c21)C=CC1(C)C7C=CC(C)C12CCNc1cc3c(ccc4c3ccc3c6cc(C)c7c(c6ccc34)C3(CC(=C)Nc4c3ccc3ccc6ccccc6c43)C(C)C=C7)cc12)C(C)C=C5.N.N.N.N.N.S,-5.5,-3.79,-6.1475,-4.2026,-0.6475,-0.4126,0.41925625,0.17023876,,,0,0
O=C1C(/C(C2=CSC=C12)=C(C#N)\C#N)=C/C3=CC(C(C4=CC=C(CCCCCC)C=C4)(C5=CC=C(CCCCCC)C=C5)C6=CC7=C(C(C8=CC=C(CCCCCC)C=C8)(C9=CC=C(CCCCCC)C=C9)C%10=C7SC(/C=C(C%11=O)/C(C%12=CSC=C%11%12)=C(C#N)\C#N)=C%10)C=C%136)=C%13S3,C.C.C.C.C.C.C.C.C.C.C.C.C.C.C.C.C.C.C.C.C.C.C.C.C.C.C.C.C.C.C.C.C.C.C.C.C.C.C.C.C.C.C.C.C.C.C.C.C.C.C.C.C.C.C.C.C.C.C.C.C.C.C.C.C.C.C.C.C.C.C.C.C.C.C.C.C.C.C.C.C.C.C.C.C.C.C.C.C.C.C.C.C.C.C.C.C.C.C.C.C.C.C.C.C.C.C.C.C.C.C.C.C.C.C.C.C.C.C.C.C.C.C.C.C.C.C.C.C.C.C.C.C.C.C=C.C=C.C=C.C=C.C=C.C=C.C=C.C=C.C=C.C=C.C=C.C=C.C=C.C=C.CC1=Cc2ccc3ccc4c5ccc6c7cc(C)c8c(c7ccc6c5ccc4c3c2C2(C1)C1=C(C=CC2C)C=C(C)C2C=c3cccc(-c4c(C)sc5c4CC(=O)C4=CC(c6cccc7cc9c(cc67)=CCCC=9)C(c6cccc7cc9c(cc67)=CCCC=9)C=C45)c3=C3C=CC=CC132)C1C=C(C)CC23C4=C(C=C(C)C2CC=CC13C=C8C)C(C)=CC12C=C(C)CC35C=C(C)CC67C=C(C)CC89C=C(C)CC%10%11C=C(C)CC%12%13C=C(C)CC%14%15C=CCC%16C(C)C%17=C(CC%16%14CC(C)=CC%15%12CC(C)=CC%13%10CC(C)=CC%118CC(C)=CC69CC(C)=CC37CC(C)=CC15CC(C)=CC42)c1cc2ccc3c(ccc4c5ccc6c7c(c(C)cc6c5ccc34)C(C)=CC34C=C(C)CC56C=C(C)CC89C=C(C)CC%10%11C=C(C)CC%12%13C=CC(C)C%14C(C)CC=CC%14%12CC(C)=CC%13%10CC(C)=CC%118CC(C)=CC59CC(C)=CC36CC(C)=CC74)c2cc1CC%17,-5.87,-3.92,-6.1327,-4.3844,-0.2627,-0.4644,0.06901129,0.21566736,,,0,0
O=C1C(/C(C2=CSC=C12)=C(C#N)\C#N)=C/C3=CC4=C(C(C(C5=CC=C(CCCCCC)C=C5)(C6=CC=C(CCCCCC)C=C6)C7=CC(C(SC(/C=C(C8=O)/C(C9=CSC=C89)=C(C#N)\C#N)=C%10)=C%10C%11(C%12=CC=C(CCCCCC)C=C%12)C%13=CC=C(CCCCCC)C=C%13)=C%11C=C%147)=C%14S4)S3,C.C.C.C.C.C.C.C.C.C.C.C.C.C.C.C.C.C.C.C.C.C.C.C.C.C.C.C.C.C.C.C.C.C.C.C.C.C.C.C.C.C.C.C.C.C.C.C.C.C.C.C.C.C.C.C.C.C.C.C.C.C.C.C.C.C.C.C.C.C.C.C.C.C.C.C.C.C.C.C.C.C.C.C.C.C.C.C.C.C.C.C.C.C.C.C.C.C.C.C.C.C.C.C.C.C.C.C.C.C.C.C.C.C.C.C.C.C.C.C.C.C.C.C.C.C.C.C.C.C.C.C.C.C.C.C.C.C.C.C.C.C.C.C=C.C=C.C=C.C=C.C=C.C=C.C=C.C=C.C=C.C=C.C=C.C=C.C=C.CC1=CC23CC(C)=CC45CC(C)=CC67CC(C)=CC89CC(C)=CC%10%11CC(C)=CC%12c%13c(c(C)cc%14c%13ccc%13c%14ccc%14c%15cc%16c(cc%15ccc%14%13)C%13=CC(C)CC%14(C(C)C=CC%15%17CC(C)=CC%18%19CC(C)=CC%20%21CC(C)=CC%22%23CC(C)=CC%24%25CC(C)=CC%26%27CC(C)=CC%28%29C=C(C)c%30c(C)cc%31c(c%30C%28C=C(C)CC%29%26C=C(C)CC%27%24C=C(C)CC%25%22C=C(C)CC%20%23C=C(C)CC%18%21C=C(C)CC%15%19C=CC(C)C%14%17)C=CC%14CC=CC%15%17C=C(C)c%18c(C)cc%19c(ccc%20c%21c(ccc%20%19)C%19=C%20C(=CCC%19C=C%21)C=CC(C)C%20%19c%20c(c(C)cc%21c%20C=CC%20CC=c%22cccc(-c%23c(C)sc%24c%23CC(=O)C%23=CC(c%25cccc%26cc%27c(cc%25%26)=CCCC=%27)C(c%25cccc%26cc%27c(cc%25%26)=CCCC=%27)C=C%23%24)c%22=C%21%20)C=CC%19C)c%18C%15C=C(C)CC%31%14%17)C%13CC%16)C(C)=CC%12%10C=C(C)CC%118C=C(C)CC96C=C(C)CC47C=C(C)CC25C=C(C)CC32C=CC(C)C3C(C)CC=CC32C1,-5.68,-3.97,-6.141,-4.394,-0.461,-0.424,0.212521,0.179776,,,0,0
O=C1C(/C(C2=CSC=C12)=C(C#N)\C#N)=C/C3=CC4C(C(C(C5=CC=C(CCCCCC)C=C5)(C6=CC=C(CCCCCC)C=C6)C7=CC(C(SC8=C9SC(/C=C(C%10=O)/C(C%11=CSC=C%10%11)=C(C#N)\C#N)=C8)=C9C%12(C%13=CC=C(CCCCCC)C=C%13)C%14=CC=C(CCCCCC)C=C%14)=C%12C=C%157)=C%15S4)S3,C.C.C.C.C.C.C.C.C.C.C.C.C.C.C.C.C.C.C.C.C.C.C.C.C.C.C.C.C.C.C.C.C.C.C.C.C.C.C.C.C.C.C.C.C.C.C.C.C.C.C.C.C.C.C.C.C.C.C.C.C.C.C.C.C.C.C.C.C.C.C.C.C.C.C.C.C.C.C.C.C.C.C.C.C.C.C.C.C.C.C.C.C.C.C.C.C.C.C.C.C.C.C.C.C.C.C.C.C.C.C.C.C.C.C.C.C.C.C.C.C.C.C.C.C.C.C.C.C.C.C.C.C.C.C.C.C.C.C.C.C.C.C.C.C.C.C.C.C.C.C.C.C.C.C.C.C.C.C.C.C.C.C.C.C.C.C.C.C.C.C.C.C.C.C.C.C.C.C.C.C.C.C.C.C=C.C=C.C=C.C=C.C=C.C=C.C=C.C=C.C=C.C=C.C=C.C=C.C=C.C=C.C=C.C=C.C=C.CC1=Cc2cc3c4c(ccc3cc2C2(C1)c1c(c(C)cc3c5c(c6ccc7c(c6c13)C=CC1CC=c3ccc6c8c(c(C)cc6c3=C71)C=CC(C)C81CC=CC=C1C1C=C3C=CCC(=O)C3=CC1)CCC=C5)C=CC2C)=CCC1C=Cc2c(ccc3c5c(c(C)cc23)C(C)=CC23C=C(C)CC67C=C(C)CC89C=C(C)CC%10%11C=C(C)CC%12%13C=C(C)CC%14%15C=C(C)CC%16%17C=C(C)CC%18%19C=C(C)CC%20%21C=C(C)CC%22%23C=C(C)CC%24%25C=CCC%26C(C)C%27=C(CC%26%24CC(C)=CC%25%22CC(C)=CC%23%20CC(C)=CC%21%18CC(C)=CC%19%16CC(C)=CC%17%14CC(C)=CC%12%15CC(C)=CC%10%13CC(C)=CC8%11CC(C)=CC69CC(C)=CC27CC(C)=CC53)c2cc3ccc5c(ccc6c7cc(C)c8c(c7ccc65)C5C=C(C)CC67C=C(C)CC9%10C=C(C)CC%11%12C=C(C)CC%13%14C=C(C)CC%15%16C=C(C)CC%17%18C=C(C)CC%19%20C=C(C)CC%21%22C=CC(C)C%23(CC(C)=Cc%24cc%25ccc%26c(ccc%28c%29ccccc%29ccc%28%26)c%25cc%24%23)C%21C(C)C=CC%22%19CC(C)=CC%20%17CC(C)=CC%18%15CC(C)=CC%16%13CC(C)=CC%11%14CC(C)=CC9%12CC(C)=CC6%10CC(C)=CC57C=C8C)c3cc2CC%27)C=41,-5.61,-3.96,-6.1428,-4.3983,,,0,0,-0.5328,-0.4383,0.28387584,0.19210689
O=C(C(/C1=C(C#N)/C#N)=C\C2=CC(C(C3=CC=C(CCCCCC)C=C3)(C4=CC=C(CCCCCC)C=C4)C5=C6SC7=C5C(C8=CC=C(CC(CC)CCCC)S8)=C(SC9=C%10C(C%11=CC=C(CCCCCC)C=C%11)(C%12=CC=C(CCCCCC)C=C%12)C%13=C9SC(/C=C%14\C(C(C=CC=C%15)=C%15C%14=O)=C(C#N)\C#N)=C%13)C%10=C7C%16=CC=C(CC(CC)CCCC)S%16)=C6S2)C%17=C1C=CC=C%17,C.C.C.C.C.C.C.C.C.C.C.C.C.C.C.C.C.C.C.C.C.C.C.C.C.C.C.C.C.C.C.C.C.C.C.C.C.C.C.C.C.C.C.C.C.C.C.C.C.C.C.C.C.C.C.C.C.C.C.C.C.C.C.C.C.C.C.C.C.C.C.C.C.C.C.C.C.C.C.C.C.C.C.C.C.C.C.C.C.C.C.C.C.C.C.C.C.C.C.C.C.C.C.C.C.C.C.C.C.C.C.C.C.C.C.C.C.C.C.C.C.C.C.C.C.C.C.C.C.C.C.C.C.C.C.C.C.C.C.C.C.C.C.C.C.C=C.C=C.C=C.C=C.C=C.C=C.C=C.C=C.C=C.C=C.C=C.C=C.C=C.C=C.C=C.C=C.C=C.C=C.C=C.C=C.C=C.C=C.C=C.C=C.C=C.C=C.C=C.C=C.C=C.C=C.C=C.C=C1CC2(c3cc(C)c4c(cc(C)c5c(C)cc6ccc7cc8c(cc(C)c9c%10c(c(C)cc98)-c8c(c(C)cc9c8ccc8c9ccc9c8ccc8c9ccc9c8ccc8c9ccc9c%11ccc%12c%13ccc%14c%15ccc%16c(c%15ccc%14c%13ccc%12c%11ccc98)C=CC8CC=CC9C%11=C(C(C)=CC%1689)C89c%12ccc%13c(c%12C=CC8CC=CC9c8c%11c(C)cc9c%11c(c%12ccc%14c(c%12c89)C=CC8CC=c9ccc%12c%15c(c(C)cc%12c9=C%148)C=CCC%158C(C9C=C%12C(S)=CCC(=O)C%12=CC9C)=CC=C(C)C8C)CCC=C%11)CCC=C%13)CC%10=C)cc7c6c54)c3C=CC2C)c2ccc3cc(C)c4c(c3c2N1)C1C2=C(C=C(C)C1C=C4)C(C)=CC13C(C)=Cc4c5c(cc(C)c4C1C(C)C=CC23)C1(CC(=C)Nc2c1ccc1ccc3c4ccc6c7c(c(C)cc6c4ccc3c21)C=CC1(C)C7C=CC(C)C12CCNc1cc3c(ccc4c3ccc3c6cc(C)c7c(c6ccc34)C3(CC(=C)Nc4c3ccc3ccc6ccccc6c43)C(C)C=C7)cc12)C(C)C=C5.N.N.N.N.N.S+B8,-5.59,-3.91,-6.1007,-4.3405,,,0,0,-0.5107,-0.4305,0.26081449,0.18533025
CCCCCCC1=CC=C(S1)C2(C(S3)=CC=C3CCCCCC)C(C(SC(/C=C(C4=O)/C(C5=CSC=C45)=C(C#N)\C#N)=C6)=C6S7)=C7C8=CC9=C(C(SC(/C=C(C%10=O)/C(C%11=CSC=C%10%11)=C(C#N)\C#N)=C%12)=C%12C9(C(S%13)=CC=C%13CCCCCC)C(S%14)=CC=C%14CCCCCC)C=C28,C.C.C.C.C.C.C.C.C.C.C.C.C.C.C.C.C.C.C.C.C.C.C.C.C.C.C.C.C.C.C.C.C.C.C.C.C.C.C.C.C.C.C.C.C.C.C.C.C.C.C.C.C.C.C=C.C=C.C=C.C=C.C=C.C=C.C=C.C=C.C=C.C=C.C=C.C=C.C=C.C=C.C=C.C=C.C=C.C=C.C=C.C=C.C=C.C=C.C=C.C=C.C=C1CCCc2cc3c(cc21)-c1c(c(C)cc2c1ccc1c4ccc5c(c4ccc21)C=CC1CC=c2ccc4cc6c(cc4c2=C51)-c1c(c(C)cc2c1ccc1c2ccc2c1ccc1c2ccc2c1ccc1c2ccc2c1ccc1c2ccc2c4ccccc4c4ccc5c7c(ccc5c4c12)C1=c2c(c4ccccc4c4c2c2c(c5ccc8c9ccccc9ccc8c54)C4C(=CCC5C4=CCC4=C5SC5c8c(c(C)cc9c%10ccccc%10c%10c%11cc%12c(cc%11c(-c%11cc%13c(s%11)C%11=CC(c%14cccc%15cc%16c(cc%14%15)=CCCC=%16)C(c%14cccc%15cc%16c(cc%14%15)=CCCC=%16)C=C%11C(CCCCCC)C%13)cc%10c89)=CCCC=%12)C=CC45)S2)=CCC1C=C7)CC6)CC3.S.S.S,-5.71,-4.01,-5.4934,-3.679,,,0,0,0.2166,0.331,0.04691556,0.109561
CCCCCCC1=CC=C(C=C1)C2(C(C=C3)=CC=C3CCCCCC)C(C(SC(/C=C(C4=O)/C(C5=CC=CC=C45)=C(C#N)\C#N)=C6)=C6S7)=C7C8=CC9=C(C(SC(/C=C(C%10=O)/C(C%11=CC=CC=C%10%11)=C(C#N)\C#N)=C%12)=C%12C9(C(C=C%13)=CC=C%13CCCCCC)C(C=C%14)=CC=C%14CCCCCC)C=C28,C.C.C.C.C.C.C.C.C.C.C.C.C.C.C.C.C.C.C.C.C.C.C.C.C.C.C.C.C.C.C.C.C.C.C.C.C.C.C.C.C.C.C.C.C.C.C.C.C.C.C.C.C.C.C.C.C.C.C.C.C.C.C.C.C.C.C.C.C.C.C.C.C.C.C.C.C.C.C.C.C.C.C.C.C.C.C.C.C.C.C.C.C.C.C.C.C.C.C.C.C.C.C.C.C.C.C.C.C.C.C.C.C.C.C.C.C.C.C.C.C.C.C.C.C.C.C.C.C.C.C.C.C.C.C.C.C.C.C.C.C.C.C=C.C=C.C=C.C=C.C=C.C=C.C=C.C=C.C=C.C=C.C=C.C=C.C=C.C=C.C=C.C=C.C=C.C=C.C=C.C=C.C=C.C=C.C=C.C=C.C=C.C=C.C=C.C=C.C=C1CC2(c3cc(C)c4c(cc(C)c5c(C)cc6ccc7cc8c(cc(C)c9cc%10c(cc98)-c8c(c(C)cc9c8ccc8c9ccc9c8ccc8c9ccc9c8ccc8c9ccc9c%11ccc%12c%13ccc%14c%15ccc%16c(c%15ccc%14c%13ccc%12c%11ccc98)C=CC8CC=CC9C%11=C(C(C)=CC%1689)C89c%12ccc%13c(c%12C=CC8CC=CC9c8c%11c(C)cc9c%11c(c%12ccc%14c%15ccc%16c(ccc%17ccc%18c(c%17%16)C%16(CC=CC=C%16C%16C=C%17C=CCC(CCCCCC)C%17=CC%16)CC=C%18)c%15ccc%14c%12c89)CCC=C%11)CCC=C%13)CC%10)cc7c6c54)c3C=CC2C)c2ccc3cc(C)c4c(c3c2N1)C1C2=C(C=C(C)C1C=C4)C(C)=CC13C(C)=Cc4c5c(cc(C)c4C1C(C)C=CC23)-c1c(C)cc2c3c(cc(C)c2c1C(=C)C5)=CCC1C=Cc2c(cc(C)c4c(C)cc5c6c(cc(C)c5c24)-c2c(C)cc4c5c(cc(C)c4c2C(=C)C6)=CCC2C=Cc4c(cc(C)c6c4C4(CC=Cc7cc8c(cc74)C=CCC8=C)C(C)C(C)=C6)C=52)C=31.N,-5.6,-3.87,-5.9099,-4.0228,,,0,0,-0.3099,-0.1528,0.09603801,0.02334784
O=C1C(/C(C2=CC(Cl)=C(Cl)C=C12)=C(C#N)/C#N)=C/C3=CC(C(C4=CC=C(CCCCCC)C=C4)(C5=CC=C(CCCCCC)C=C5)C6=C7SC8=C(C9=CC=C(CC(CC)CCCC)S9)C%10=C(SC%11=C%10C(C%12=CC=C(CCCCCC)C=C%12)(C%13=CC=C(CCCCCC)C=C%13)C%14=C%11SC(/C=C(C%15=O)/C(C%16=CC(Cl)=C(Cl)C=C%15%16)=C(C#N)/C#N)=C%14)C(C%17=CC=C(CC(CC)CCCC)S%17)=C68)=C7S3,C.C.C.C.C.C.C.C.C.C.C.C.C.C.C.C.C.C.C.C.C.C.C.C.C.C.C.C.C.C.C.C.C.C.C.C.C.C.C.C.C.C.C.C.C.C.C.C.C.C.C.C.C.C.C.C.C.C.C.C.C.C.C.C.C.C.C.C.C.C.C.C.C.C.C.C.C.C.C.C.C.C.C.C.C.C.C.C.C.C.C.C.C.C.C.C.C.C.C.C.C.C.C.C.C.C.C.C.C.C.C.C.C.C.C.C.C.C.C.C.C.C.C.C.C.C.C.C.C.C.C.C.C.C.C.C.C.C.C.C.C.C.C.C.C.C.C.C.C.C.C.C.C.C.C.C.C.C.C.C.C.C.C.C.C.C.C.C.C.C.C.C.C.C.C.C.C=C.C=C.C=C.C=C.C=C.C=C.C=C.C=C.C=C.C=C.C=C.C=C.C=C.C=C1CC2c3c(c(C)cc4c5ccccc5c5c6cc7c(cc6c(C6C=C8C(=O)C(S)C=CC8=CC6C)cc5c34)=CCCC=7)C=CC2(C)c2c(C)cc3c4c(ccc3c21)=CCC1C=Cc2c(cc(C)c3c2C2C=C(C)CC56C=C(C)CC78C=C(C)CC9%10C=C(C)CC%11%12C=C(C)CC%13%14C=C(C)CC%15%16C=C(C)CC%17%18C=C(C)CC%19%20C=C(C)CC%21%22C=C(C)CC%23%24CC%25=C(CCc%26cc%27c(ccc%28c%27ccc%27c%29ccc%30c%31c(c(C)cc%30c%29ccc%28%27)C(C)=CC%27%28C=C(C)CC%29%30C=C(C)CC%32%33C=C(C)CC%34%35C=C(C)CC%36%37C=C(C)CC%38%39C=C(C)CC%40%41C=C(C)CC%42%43C=CC(C)C%44C%45(CC(C)=Cc%46cc%47ccc%48c(ccc%49c%50ccc%51c%52c(c(C)cc%51c%50ccc%48%49)C=CC%48(C)C(C)CC=CC%52%48)c%47cc%46%45)C(C)C=CC%44%42CC(C)=CC%43%40CC(C)=CC%41%38CC(C)=CC%39%36CC(C)=CC%34%37CC(C)=CC%32%35CC(C)=CC%29%33CC(C)=CC%27%30CC(C)=CC%31%28)cc%26%25)C(C)C%23CC=CC%24%21CC(C)=CC%22%19CC(C)=CC%20%17CC(C)=CC%18%15CC(C)=CC%16%13CC(C)=CC%11%14CC(C)=CC9%12CC(C)=CC7%10CC(C)=CC58CC(C)=CC26C=C3C)C=41,-5.67,-3.9,-6.1418,-4.3898,,,0,0,-0.4718,-0.4898,0.22259524,0.23990404
O=C1C(/C(C2=CC(Cl)=C(Cl)C=C12)=C(C#N)/C#N)=C/C3=CC(C(C4=CC=C(CCCCCC)C=C4)(C5=CC=C(CCCCCC)C=C5)C6=C7SC8=C(C9=CC(F)=C(CC(CC)CCCC)S9)C%10=C(SC%11=C%10C(C%12=CC=C(CCCCCC)C=C%12)(C%13=CC=C(CCCCCC)C=C%13)C%14=C%11SC(/C=C(C%15=O)/C(C%16=CC(Cl)=C(Cl)C=C%15%16)=C(C#N)/C#N)=C%14)C(C%17=CC(F)=C(CC(CC)CCCC)S%17)=C68)=C7S3,C.C.C.C.C.C.C.C.C.C.C.C.C.C.C.C.C.C.C.C.C.C.C.C.C.C.C.C.C.C.C.C.C.C.C.C.C.C.C.C.C.C.C.C.C.C.C.C.C.C.C.C.C.C.C.C.C.C.C.C.C.C.C.C.C.C.C.C.C.C.C.C.C.C.C.C.C.C.C.C.C.C.C.C.C.C.C.C.C.C.C.C.C.C.C.C.C.C.C.C.C.C.C.C.C.C.C.C.C.C.C.C.C.C.C.C.C.C.C.C.C.C.C.C.C.C.C.C.C.C.C.C.C.C.C.C.C.C.C.C.C.C.C.C.C.C.C.C.C.C.C.C.C.C.C.C.C.C.C.C.C.C.C.C.C.C.C.C.C.C.C.C.C.C.C.C.C=C.C=C.C=C.C=C.C=C.C=C.C=C.C=C.C=C.C=C.C=C.C=C.C=C.C=C1CC2c3c(c(C)cc4c5ccccc5c5c6cc7c(cc6c(C6C=C8C(=O)C(S)C=CC8=CC6C)cc5c34)=CCCC=7)C=CC2(C)c2c(C)cc3c4c(ccc3c21)=CCC1C=Cc2c(cc(C)c3c2C2C=C(C)CC56C=C(C)CC78C=C(C)CC9%10C=C(C)CC%11%12C=C(C)CC%13%14C=C(C)CC%15%16C=C(C)CC%17%18C=C(C)CC%19%20C=C(C)CC%21%22C=C(C)CC%23%24C=CCC%25C(C)C%26=C(CC%25%23CC(C)=CC%24%21CC(C)=CC%22%19CC(C)=CC%20%17CC(C)=CC%18%15CC(C)=CC%13%16CC(C)=CC%11%14CC(C)=CC9%12CC(C)=CC7%10CC(C)=CC58CC(C)=CC26C=C3C)c2cc3ccc5c(ccc6c7ccc8c9c(c(C)cc8c7ccc56)C(C)=CC56C=C(C)CC78C=C(C)CC%10%11C=C(C)CC%12%13C=C(C)CC%14%15C=C(C)CC%16%17C=C(C)CC%18%19C=C(C)CC%20%21C=C(C)CC%22%23C=CC(C)C%24(CC(C)=Cc%25cc%27ccc%28c(ccc%29c%30ccc%31c(C)cccc%31c%30ccc%28%29)c%27cc%25%24)C%22C(C)C=CC%23%20CC(C)=CC%21%18CC(C)=CC%19%16CC(C)=CC%17%14CC(C)=CC%12%15CC(C)=CC%10%13CC(C)=CC7%11CC(C)=CC58CC(C)=CC96)c3cc2CC%26)C=41,-5.7,-3.91,-6.1579,-4.399,,,0,0,-0.4579,-0.489,0.20967241,0.239121
O=C1C(/C(C2=CC(Cl)=C(Cl)C=C12)=C(C#N)\C#N)=C/C3=CC(C(C4=CC=C(CCCCCC)C=C4)(C5=CC=C(CCCCCC)C=C5)C6=C7SC8=C(C9=CC(Cl)=C(CC(CC)CCCC)S9)C%10=C(SC%11=C%10C(C%12=CC=C(CCCCCC)C=C%12)(C%13=CC=C(CCCCCC)C=C%13)C%14=C%11SC(/C=C(C%15=O)/C(C%16=CC(Cl)=C(Cl)C=C%15%16)=C(C#N)/C#N)=C%14)C(C%17=CC(Cl)=C(CC(CC)CCCC)S%17)=C68)=C7S3,C.C.C.C.C.C.C.C.C.C.C.C.C.C.C.C.C.C.C.C.C.C.C.C.C.C.C.C.C.C.C.C.C.C.C.C.C.C.C.C.C.C.C.C.C.C.C.C.C.C.C.C.C.C.C.C.C.C.C.C.C.C.C.C.C.C.C.C.C.C.C.C.C.C.C.C.C.C.C.C.C.C.C.C.C.C.C.C.C.C.C.C.C.C.C.C.C.C.C.C.C.C.C.C.C.C.C.C.C.C.C.C.C.C.C.C.C.C.C.C.C.C.C.C.C.C.C.C.C.C.C.C.C.C.C.C.C.C.C.C.C.C.C.C.C.C.C.C.C.C.C.C.C.C.C.C.C.C.C.C.C.C.C.C.C.C.C.C.C.C.C.C.C.C.C.C.C=C.C=C.C=C.C=C.C=C.C=C.C=C.C=C.C=C.C=C.C=C.C=C.C=C.C=C1CC2c3c(c(C)cc4c5ccccc5c5c6cc7c(cc6c(C6C=C8C(=O)C(S)C=CC8=CC6C)cc5c34)=CCCC=7)C=CC2(C)c2c(C)cc3c4c(ccc3c21)=CCC1C=Cc2c(cc(C)c3c2C2C=C(C)CC56C=C(C)CC78C=C(C)CC9%10C=C(C)CC%11%12C=C(C)CC%13%14C=C(C)CC%15%16C=C(C)CC%17%18C=C(C)CC%19%20C=C(C)CC%21%22C=C(C)CC%23%24C=CCC%25C(C)C%26=C(CC%25%23CC(C)=CC%24%21CC(C)=CC%22%19CC(C)=CC%20%17CC(C)=CC%18%15CC(C)=CC%13%16CC(C)=CC%11%14CC(C)=CC9%12CC(C)=CC7%10CC(C)=CC58CC(C)=CC26C=C3C)c2cc3ccc5c(ccc6c7ccc8c9c(c(C)cc8c7ccc56)C(C)=CC56C=C(C)CC78C=C(C)CC%10%11C=C(C)CC%12%13C=C(C)CC%14%15C=C(C)CC%16%17C=C(C)CC%18%19C=C(C)CC%20%21C=CC(C)C%22C%23(CC(C)=Cc%24cc%25ccc%27c(ccc%28c%29ccc%30c%31c(c(C)cc%30c%29ccc%27%28)C=CC(C)C%31)c%25cc%24%23)C(C)C=CC%22%20CC(C)=CC%21%18CC(C)=CC%19%16CC(C)=CC%17%14CC(C)=CC%12%15CC(C)=CC%10%13CC(C)=CC7%11CC(C)=CC58CC(C)=CC96)c3cc2CC%26)C=41,-5.72,-3.92,-6.1575,-4.4011,,,0,0,-0.4375,-0.4811,0.19140625,0.23145721
CCC(CCCC)COC1=C2C(C(C3=CC=C(CCCCCC)C=C3)(C4=CC=C(CCCCCC)C=C4)C5=C6SC(/C=C7C8=NC(C#N)=C(C#N)N=C8C9=CC=CC=C\79)=C5)=C6SC2=C(OCC(CC)CCCC)C%10=C1SC%11=C%10C(C%12=CC=C(CCCCCC)C=C%12)(C%13=CC=C(CCCCCC)C=C%13)C%14=C%11SC(/C=C%15C%16=NC(C#N)=C(C#N)N=C%16C%17=CC=CC=C/%15%17)=C%14,C.C.C.C.C.C.C.C.C.C.C.C.C.C.C.C.C.C.C.C.C.C.C.C.C.C.C.C.C.C.C.C.C.C.C.C.C.C.C.C.C.C.C.C.C.C.C.C.C.C.C.C.C.C.C.C.C.C.C.C.C.C.C.C.C.C.C.C.C.C.C.C.C.C.C.C.C.C.C.C.C.C.C.C.C.C.C.C.C.C.C.C.C.C.C.C.C.C.C.C.C.C.C.C.C.C.C.C.C.C.C.C.C.C.C.C.C.C.C.C.C.C.C.C.C.C.C.C.C.C.C.C.C.C.C.C.C.C.C.C.C.C.C.C.C.C.C.C.C.C.C.C.C.C.C.C.C.C.C.C.C.C.C.C.C.C.C.C.C.C.C.C.C.C.C.C.C=C.C=C.C=C.C=C.C=C.C=C.C=C.C=C.C=C.C=C.C=C.C=C.C=C.C=C.C=C.C=C.C=C.C=C.C=C.CC1=CC2c3c4c(cc(C)c3C(C)=CC23C=CC(C)C2C(C)CC=CC23C1)C1=c2c(ccc3cc5c(cc23)C2=C(CC5)C(C)C3CC=CC56CC(C)=CC78CC(C)=CC9%10CC(C)=CC%11%12CC(C)=CC%13%14CC(C)=CC%15%16CC(C)=CC%17%18CC(C)=CC%19%20CC(C)=CC%21%22CC(C)=CC%23%24CC(C)=CC%25%26CC(C)=CC%27c%28c(c(C)cc%29c%28ccc%28c%29ccc%29c%30cc%31c(cc%30ccc%29%28)C%28=C(CC%31)C(C)C%29CC=CC%30%31CC(C)=CC%32%33CC(C)=CC%34%35CC(C)=CC%36%37C=C(C)c%38c(C)cc%39c(ccc%40c%39ccc%39c%41cc%42c(cc%41ccc%39%40)C%39=C(CC%42)C(C)C%40CC=CC%41%42CC(C)=CC%43%44C=C(C)c%45c(C)cc%46c%47c(ccc%46c%45C%43C=C(C)CC%44%41C=C(C)CC%40%42C%39)C%39=c%40c(ccc%41cc%42c(cc%40%41)C=CCC%42%40CC=CC=C%40c%40ccc(C%41C=C%42C=CCC(=O)C%42=CC%41)s%40)=CCC%39C=C%47)c%38C%36C=C(C)CC%37%34C=C(C)CC%35%32C=C(C)CC%30%33C=C(C)CC%29%31C%28)C(C)=CC%27%25C=C(C)CC%26%23C=C(C)CC%24%21C=C(C)CC%22%19C=C(C)CC%20%17C=C(C)CC%18%15C=C(C)CC%13%16C=C(C)CC%11%14C=C(C)CC9%12C=C(C)CC7%10C=C(C)CC58C=C(C)CC36C2)=CCC1C=C4,-5.47,-3.79,-5.9273,-4.1527,,,0,0,-0.4573,-0.3627,0.20912329,0.13155129
CCC(CCCC)COC1=C2C(C(C3=CC=C(CCCCCC)C=C3)(C4=CC=C(CCCCCC)C=C4)C5=C6SC(/C=C(C7=O)\C(C8=CC=CC=C78)=C(C#N)\C#N)=C5)=C6SC2=C(OCC(CC)CCCC)C9=C1SC%10=C9C(C%11=CC=C(CCCCCC)C=C%11)(C%12=CC=C(CCCCCC)C=C%12)C%13=C%10SC(/C=C(C%14=O)/C(C%15=CC=CC=C%14%15)=C(C#N)/C#N)=C%13,C.C.C.C.C.C.C.C.C.C.C.C.C.C.C.C.C.C.C.C.C.C.C.C.C.C.C.C.C.C.C.C.C.C.C.C.C.C.C.C.C.C.C.C.C.C.C.C.C.C.C.C.C.C.C.C.C.C.C.C.C.C.C.C.C.C.C.C.C.C.C.C.C.C.C.C.C.C.C.C.C.C.C.C.C.C.C.C.C.C.C.C.C.C.C.C.C.C.C.C.C.C.C.C.C.C.C.C.C.C.C.C.C.C.C.C.C.C.C.C.C.C.C.C.C.C.C.C.C.C.C.C.C.C.C.C.C.C.C.C.C.C.C.C.C.C.C.C.C.C.C.C.C.C.C.C.C.C.C.C.C.C.C.C.C.C.C.C.C.C.C.C.C.C.C=C.C=C.C=C.C=C.C=C.C=C.C=C.C=C.C=C.C=C.C=C.C=C.C=C.C=C.C=C.C=C.C=C.C=C.C=C.CC1=CC2c3c(c(C)cc4c3ccc3c4ccc4c5cc6c(cc5ccc43)C3=C(CC6)C(C)C4CC=CC56CC(C)=CC78CC(C)=CC9%10CC(C)=CC%11%12CC(C)=CC%13%14CC(C)=CC%15%16CC(C)=CC%17%18CC(C)=CC%19%20CC(C)=CC%21%22CC(C)=CC%23%24CC(C)=CC%25%26CC(C)=CC%27c%28c(c(C)cc%29c%28ccc%28c%29ccc%29c%30cc%31c(cc%30ccc%29%28)C%28=C(CC%31)C(C)C%29CC=CC%30%31CC(C)=CC%32%33CC(C)=CC%34%35CC(C)=CC%36%37C=C(C)c%38c(C)cc%39c(ccc%40c%39ccc%39c%41cc%42c(cc%41ccc%39%40)C%39=C(CC%42)C(C)C%40CC=CC%41%42CC(C)=CC%43%44C=C(C)c%45c(C)cc%46c%47c(ccc%46c%45C%43C=C(C)CC%44%41C=C(C)CC%40%42C%39)C%39=c%40c(ccc%41cc%42c(cc%40%41)C=CCC%42%40CC=CC=C%40c%40ccc(C%41C=C%42C=CCC(=O)C%42=CC%41)s%40)=CCC%39C=C%47)c%38C%36C=C(C)CC%37%34C=C(C)CC%35%32C=C(C)CC%30%33C=C(C)CC%29%31C%28)C(C)=CC%27%25C=C(C)CC%26%23C=C(C)CC%24%21C=C(C)CC%22%19C=C(C)CC%20%17C=C(C)CC%18%15C=C(C)CC%13%16C=C(C)CC%11%14C=C(C)CC9%12C=C(C)CC7%10C=C(C)CC58C=C(C)CC46C3)C(C)=CC23C=CC(C)C2C(C)CC=CC23C1.S,-5.39,-3.87,-5.958,-4.1799,-0.568,-0.3099,0.322624,0.09603801,,,0,0
C1(C2=C/3C=CC=C2)=CC=CC=C1C3=C4C5=C(C=CC=C5)C6=CC=CC=C6\4,c1ccc2cc3c(cc2c1)Cc1c-3c2c(c3c1-c1cc4ccccc4cc1C3)-c1cc3ccccc3cc1C2,-5.58,-3.37,-5.3823,-3.6903,,,0,0,0.1977,-0.3203,0.03908529,0.10259209
COC1=CC=C2C(C3=CC(OC)=CC=C3/C2=C4C5=CC=C(OC)C=C5C6=CC(OC)=CC=C\46)=C1,c1ccc2cc3c(cc2c1)CC12Cc4cc5ccccc5cc4C31O2,-5.11,-3.11,-5.4654,-3.4831,,,0,0,-0.3554,-0.3731,0.12630916,0.13920361
CCCCCCCCCCCCCCOC1=CC=C2C(C3=CC(OCCCCCCCCCCCCCC)=CC=C3/C2=C4C5=CC=C(OCCCCCCCCCCCCCC)C=C5C6=CC(OCCCCCCCCCCCCCC)=CC=C\46)=C1,CC1CC2=C(CCCC23CCC2(CCC4(Cc5ccccc5-c5ccccc54)c4ccccc42)c2ccccc23)c2cc(-c3ccc(C4=Cc5ccc6c(ccc7ccc8cc9c(cc8c76)C6C=CC=CC6C=C9)c5C5(CC(=O)NC(=O)C5=O)C4c4cccs4)s3)ccc21,-5.06,-3.09,-5.9125,-4.0636,,,0,0,-0.8525,-0.9736,0.72675625,0.94789696
C1(/C2=CC3=CC=CC=C3C=C2C4=CC5=CC=CC=C5C=C14)=C6C7=CC=CC=C7C8=CC=CC=C\68,C1=C2C(=CCC1)C(=C1c3ccccc3-c3ccccc31)C1=C2C2=CCCC=C2C1=C1c2ccccc2-c2ccccc21,-5.41,-3.36,-0.4073,-0.5211,5.0027,2.8389,25.02700729,8.05935321,,,0,0
COC1=CC=C2C(C3=CC(OC)=CC=C3/C2=C4C5=CC6=CC=CC=C6C=C5C7=CC8=CC=CC=C8C=C\47)=C1,COC1=Cc2c3c(c4c(c2C25Cc6cc7c(cc6C2=CC2=C(c6cc8c(cc6C2)Cc2cc6ccccc6cc2-8)C15)-c1cc2ccccc2cc1C7)-c1cc2c(cc1C4)Cc1cc4ccccc4cc1-2)-c1cc2c(cc1C3)Cc1cc3ccccc3cc1-2,-5.17,-3.24,-5.6362,-3.628,,,0,0,-0.4662,-0.388,0.21734244,0.150544
C1(/C2=CC3=CC=CC=C3C=C2C4=C1C=C(C=CC=C5)C5=C4)=C6C7=CC8=CC=CC=C8C=C7C9=C\6C=C(C=CC=C%10)C%10=C9,C1=CCC2(C=C1)C1=CCCC=C1C1=C2C(=C2c3ccccc3-c3ccccc32)C2=CCCC=C21,-5.25,-3.35,-0.2132,-0.1976,5.0368,3.1524,25.36935424,9.93762576,,,0,0
COC1=CC=C2C(/C(C3=CC(OC)=CC=C23)=C4C5=CC(OC)=CC=C5C6=CC=C(OC)C=C/46)=C1,c1ccc2cc3c(cc2c1)CC12OC31C1=C(CNC1)C1=C2CNC1,-5.38,-3.39,-5.4816,-3.5132,,,0,0,-0.1016,-0.1232,0.01032256,0.01517824
CCC(CCCC)CN1C(C(C(C2=CC=C(CCCCCC)C=C2)(C3=CC=C(CCCCCC)C=C3)C4=CC(C(SC(/C=C(C5=O)/C(C6=CC=CC=C56)=C(C#N)/C#N)=C7)=C7C8(C9=CC=C(CCCCCC)C=C9)C%10=CC=C(CCCCCC)C=C%10)=C8C=C%114)=C%11S%12)=C%12C%13=C1C=C(/C=C(C%14=O)/C(C%15=CC=CC=C%14%15)=C(C#N)\C#N)S%13,C.C.C.C.C.C.C.C.C.C.C.C.C.C.C.C.C.C.C.C.C.C.C.C.C.C.C.C.C.C.C.C.C.C.C.C.C.C.C.C.C.C.C.C.C.C.C.C.C.C.C.C.C.C.C.C.C.C.C.C.C.C.C.C.C.C.C.C.C.C.C.C.C.C.C.C.C.C.C.C.C.C.C.C.C.C.C.C.C.C.C.C.C.C.C.C.C.C.C.C.C.C.C.C.C.C.C.C.C.C.C.C.C.C.C.C.C.C.C.C.C.C.C.C.C.C.C.C.C.C.C.C.C.C.C.C.C.C.C.C.C.C.C.C.C.C.C.C.C.C.C.C.C.C.C.C.C.C.C.C=C.C=C.C=C.C=C.C=C.C=C.C=C.C=C.C=C.C=C.C=C.C=C.CC1=CC2=CC(C3=CC=C(C)C(C)C34CC=Cc3c(C)cc5c6c(ccc5c34)=CCC3C=Cc4c(cc(C)c5c4C47C=CCCC4(C=C5)C=C(C)C4=C7C5(CC(C)=Cc7cc8c9c(cc(C)c8cc75)=CCC5C=Cc7c(cc(C)c8c7C7C=C(C)CC%10%11C=C(C)CC%12%13C=C(C)CC%14%15C=C(C)CC%16%17C=C(C)CC%18%19C=C(C)CC%20%21C=CCC%22C(C)C%23=C(CC%22%20CC(C)=CC%21%18CC(C)=CC%19%16CC(C)=CC%14%17CC(C)=CC%12%15CC(C)=CC%10%13CC(C)=CC7%11C=C8C)c7cc8ccc%10c(ccc%11c%12cc(C)c%13c(c%12ccc%11%10)C%10C=C(C)CC%11%12C=C(C)CC%14%15C=C(C)CC%16%17C=C(C)CC%18%19C=C(C)CC%20%21C=C(C)CC%22%24C=C(C)CC%25%26C=C(C)CC%27%28C=C(C)CC%29%30C=CC(C)C%31C(C)CC=CC%31%29CC(C)=CC%30%27CC(C)=CC%28%25CC(C)=CC%26%22CC(C)=CC%24%20CC(C)=CC%18%21CC(C)=CC%16%19CC(C)=CC%14%17CC(C)=CC%11%15CC(C)=CC%10%12C=C%13C)c8cc7CC%23)C=95)C(C)C=C4)C=63)C(C)C=C2C(=O)C1.S,-5.3,-3.85,-5.936,-4.1709,-0.636,-0.3209,0.404496,0.10297681,,,0,0
CCC(CCCC)CN1C(C(C(C2=CC=C(CCCCCC)C=C2)(C3=CC=C(CCCCCC)C=C3)C4=CC(C(SC(/C=C(C5=O)\C(C6=CC=C(Cl)C=C56)=C(C#N)\C#N)=C7)=C7C8(C9=CC=C(CCCCCC)C=C9)C%10=CC=C(CCCCCC)C=C%10)=C8C=C%114)=C%11S%12)=C%12C%13=C1C=C(/C=C(C%14=O)/C(C%15=CC=C(Cl)C=C%14%15)=C(C#N)/C#N)S%13,C.C.C.C.C.C.C.C.C.C.C.C.C.C.C.C.C.C.C.C.C.C.C.C.C.C.C.C.C.C.C.C.C.C.C.C.C.C.C.C.C.C.C.C.C.C.C.C.C.C.C.C.C.C.C.C.C.C.C.C.C.C.C.C.C.C.C.C.C.C.C.C.C.C.C.C.C.C.C.C.C.C.C.C.C.C.C.C.C.C.C.C.C.C.C.C.C.C.C.C.C.C.C.C.C.C.C.C.C.C.C.C.C.C.C.C.C.C.C.C.C.C.C.C.C.C.C.C.C.C.C.C.C.C.C.C.C.C.C.C.C.C.C.C.C.C.C.C.C.C.C.C.C.C.C.C=C.C=C.C=C.C=C.C=C.C=C.C=C.C=C.C=C.C=C.C=C.C=C.C=C.C=C.C=C.CC1=CC2=CC(C3=CC=C(C)C(C)C34CC=Cc3c(C)cc5c6c(ccc5c34)=CCC3C=Cc4c(cc(C)c5c4C47C=CCCC4(C=C5)C=C(C)C4=C7C5C=C(C)CC78C=C(C)CC9%10C=CCC%11C(C)C%12=C(CC%119CC(C)=CC7%10CC(C)=CC58C=C4C)c4cc5ccc7c(ccc8c9cc(C)c%10c(c9ccc87)C7C=C(C)CC89C=C(C)CC%11%13C=C(C)CC%14%15C=C(C)CC%16%17C=C(C)CC%18%19C=CCC%20C(C)C%21=C(CC%20%18CC(C)=CC%19%16CC(C)=CC%17%14CC(C)=CC%11%15CC(C)=CC8%13CC(C)=CC79C=C%10C)c7cc8ccc9c(ccc%10c%11cc(C)c%13c(c%11ccc%109)C9C=C(C)CC%10%11C=C(C)CC%14%15C=C(C)CC%16%17C=C(C)CC%18%19C=C(C)CC%20%22C=C(C)CC%23%24C=C(C)CC%25%26C=CC(C)C%27C(C)CC=CC%27%25CC(C)=CC%26%23CC(C)=CC%24%20CC(C)=CC%22%18CC(C)=CC%16%19CC(C)=CC%14%17CC(C)=CC%10%15CC(C)=CC9%11C=C%13C)c8cc7CC%21)c5cc4CC%12)C=63)C(C)C=C2C(=O)C1.S,-5.36,-3.92,-5.9399,-4.1732,-0.5799,-0.2532,0.33628401,0.06411024,,,0,0
CCC(CCCC)CN1C(C(C(C2=CC=C(CCCCCC)C=C2)(C3=CC=C(CCCCCC)C=C3)C4=CC(C(SC(/C=C(C5=O)/C(C6=CC(Cl)=C(Cl)C=C56)=C(C#N)/C#N)=C7)=C7C8(C9=CC=C(CCCCCC)C=C9)C%10=CC=C(CCCCCC)C=C%10)=C8C=C%114)=C%11S%12)=C%12C%13=C1C=C(/C=C(C%14=O)/C(C%15=CC(Cl)=C(Cl)C=C%14%15)=C(C#N)\C#N)S%13,C.C.C.C.C.C.C.C.C.C.C.C.C.C.C.C.C.C.C.C.C.C.C.C.C.C.C.C.C.C.C.C.C.C.C.C.C.C.C.C.C.C.C.C.C.C.C.C.C.C.C.C.C.C.C.C.C.C.C.C.C.C.C.C.C.C.C.C.C.C.C.C.C.C.C.C.C.C.C.C.C.C.C.C.C.C.C.C.C.C.C.C.C.C.C.C.C.C.C.C.C.C.C.C.C.C.C.C.C.C.C.C.C.C.C.C.C.C.C.C.C.C.C.C.C.C.C.C.C.C.C.C.C.C.C.C.C.C.C.C.C.C.C.C.C.C.C.C.C.C.C.C.C.C.C.C.C.C.C.C=C.C=C.C=C.C=C.C=C.C=C.C=C.C=C.C=C.C=C.C=C.C=C.CC1=CC2=CC(C3=CC=C(C)C(C)C34CC=Cc3c(C)cc5c6c(ccc5c34)=CCC3C=Cc4c(cc(C)c5c4C47C=CCCC4(C=C5)C=C(C)C4=C7C5(CC(C)=Cc7cc8c9c(cc(C)c8cc75)=CCC5C=Cc7c(cc(C)c8c7C7C=C(C)CC%10%11C=C(C)CC%12%13C=C(C)CC%14%15C=C(C)CC%16%17C=C(C)CC%18%19C=C(C)CC%20%21C=C(C)CC%22%23CC%24=C(CCc%25cc%26c(ccc%27c%26ccc%26c%28cc(C)c%29c(c%28ccc%26%27)C%26C=C(C)CC%27%28C=C(C)CC%30%31C=C(C)CC%32%33C=C(C)CC%34%35C=C(C)CC%36%37C=C(C)CC%38%39C=C(C)CC%40%41C=C(C)CC%42%43C=C(C)CC%44%45C=CCC(C)C%44C(C)C=CC%45%42CC(C)=CC%43%40CC(C)=CC%41%38CC(C)=CC%39%36CC(C)=CC%34%37CC(C)=CC%32%35CC(C)=CC%30%33CC(C)=CC%27%31CC(C)=CC%26%28C=C%29C)cc%25%24)C(C)C%22CC=CC%23%20CC(C)=CC%21%18CC(C)=CC%19%16CC(C)=CC%14%17CC(C)=CC%12%15CC(C)=CC%10%13CC(C)=CC7%11C=C8C)C=95)C(C)C=C4)C=63)C(C)C=C2C(=O)C1.S,-5.35,-3.97,-5.9416,-4.176,-0.5916,-0.206,0.34999056,0.042436,,,0,0
CCCCCCC1=CC=C(C=C1)C(C2=CC(C(SC3=C4SC5=C3C(C=C6C7=O)=C8C9=C5C=C%10C%11=C9C(C%12=CC=C(C(N7C(CCCCC)CCCCC)=O)C6=C%128)=CC=C%11C(N(C%10=O)C(CCCCC)CCCCC)=O)=C4C%13(C%14=CC=C(CCCCCC)C=C%14)C%15=CC=C(CCCCCC)C=C%15)=C%13C=C%162)(C%17=CC=C(CCCCCC)C=C%17)C%18=C%16SC%19=C%18SC%20=C%19C%21=C%22C%23=C(C%24=CC=C%23C%25=CC=C(C%26=O)C%27=C%25C%22=C%20C=C%27C(N%26C(CCCCC)CCCCC)=O)C(C(N(C%24=O)C(CCCCC)CCCCC)=O)=C%21,C.C.C.C.C.C.C.C.C.C.C.C.C.C.C.C.C.C.C.C.C.C.C.C.C.C.C.C.C.C.C.C.C.C.C.C.C.C.C.C.C.C.C.C.C.C.C.C.C.C.C.C.C.C.C.C.C.C.C.C.C.C.C.C.C.C.C.C.C.C.C.C.C.C.C.C.C.C.C.C.C.C.C.C.C.C.C.C.C.C.C.C.C.C.C.C.C.C.C.C.C.C.C.C.C.C.C.C.C.C.C.C.C.C.C.C.C.C.C.C.C.C.C.C.C.C.C.C.C.C.C.C.C.C.C.C.C.C.C.C.C.C.C.C.C.C.C.C.C.C.C.C.C.C.C.C.C.C=C.C=C.C=C.C=C.C=C.C=C.C=C.C=C.CC1=CC23CC(C)=CC45CC(C)=CC67CC(C)=CC89CC(C)=CC%10%11CC(C)=CC%12%13CC(C)=CC%14%15CC(C)=CC%16%17CC(C)=CC%18%19CC(C)=CC%20%21CC(C)=CC%22%23CC(C)=CC%24%25CC(C)=CC%26%27CC(C)=CC%28%29CC(C)=CC%30%31CC(C)=CC%32%33CC(C)=CC%34%35CC(C)=CC%36%37CC(C)=CC%38%39CC(C)=CC%40c%41c(c(C)cc%42c%43c(ccc%41%42)C%41=c%42c(ccc%44cc%45c(cc%42%44)C=CCC%45%42c%44c(c(C)cc%45c%46c(c%47c(c%44%45)C%44=c%45cc%48cc%49c(cc%48cc%45=CCC%44C=C%47)C=CCC%49%44C(C%45C=C%47C(S)=CCC(=O)C%47=CC%45C)=CC=C(C)C%44C)CCC=C%46)C=CC%42C)=CCC%41C=C%43)C(C)=CC%40%38C=C(C)CC%39%36C=C(C)CC%37%34C=C(C)CC%35%32C=C(C)CC%33%30C=C(C)CC%31%28C=C(C)CC%29%26C=C(C)CC%27%24C=C(C)CC%25%22C=C(C)CC%23%20C=C(C)CC%18%21C=C(C)CC%16%19C=C(C)CC%14%17C=C(C)CC%12%15C=C(C)CC%10%13C=C(C)CC8%11C=C(C)CC69C=C(C)CC47C=C(C)CC25C=C(C)CC32C=CC(C)C3C(C)CC=CC32C1.N.S,-5.58,-3.87,-6.1513,-4.2102,-0.5713,-0.3402,0.32638369,0.11573604,,,0,0
O=C1C(/C(C2=CC=CC=C12)=C(C#N)/C#N)=C/C3=CC(C(C4=CC=C(CCCCCC)C=C4)(C5=CC=C(CCCCCC)C=C5)C6=C7SC8=CC9=C(SC%10=C9C(C%11=CC=C(CCCCCC)C=C%11)(C%12=CC=C(CCCCCC)C=C%12)C%13=C%10SC(/C=C(C%14=O)/C(C%15=CC=CC=C%14%15)=C(C#N)/C#N)=C%13)C=C68)=C7S3,C.C.C.C.C.C.C.C.C.C.C.C.C.C.C.C.C.C.C.C.C.C.C.C.C.C.C.C.C.C.C.C.C.C.C.C.C.C.C.C.C.C.C.C.C.C.C.C.C.C.C.C.C.C.C.C.C.C.C.C.C.C.C.C.C.C.C.C.C.C.C.C.C.C.C.C.C.C.C.C.C.C.C.C.C.C.C.C.C.C.C.C.C.C.C=C.C=C.C=C.C=C.C=C.C=C.C=C.C=C.C=C.C=C.C=C.C=C.C=C.C=C.C=C.C=C.C=C.C=C.C=C.C=C.C=C.C=C.C=C.C=C.C=C.C=C.C=C.C=C.C=C.C=C.C=C.C=C1CC2(c3ccc4ccc5c6ccc7c8ccc9c%10ccc%11c%12c(c(C)cc%11c%10ccc9c8ccc7c6ccc5c4c3N1)C(C)=CC13C=C(C)CC45C=CC=CC4CC=CC15CC(C)=CC%123)c1c(c(C)cc3c1C=CC1CC=c4ccc5cc6c(cc5c4=C31)-c1c(c(C)cc3c4c(ccc13)C1=c3c(ccc5cc7c(cc35)-c3c(c(C)cc5c3ccc3c8c(ccc35)C3=c5c(ccc9cc%10c(cc59)-c5c(c(C)cc9c5ccc5c9ccc9c5ccc5c%11ccc%12cc%13c(cc%12c%11ccc59)NCCC%135NC9(CC=Cc%11cc%12ccc%13ccccc%13c%12cc%119)c9cc(C%11C=C%12C(S)=CCC(=O)C%12=CC%11C)c%11cc%12c(cc%11c95)=CCCC=%12)CC%10)=CCC3C=C8)CC7)=CCC1C=C4)CC6)C=CC2C.N,-5.4,-3.83,-6.1489,-4.3949,,,0,0,-0.7489,-0.5649,0.56085121,0.31911201
O=C(N1CC(CC)CCCC)C2=C(C3=CC=C(C4=CC=C(C(N5CC(CC)CCCC)=O)C6=C4C=CC=C6C5=O)S3)C7=NSN=C7C(C8=CC=C(C9=CC=C(C(N%10CC(CC)CCCC)=O)C%11=C9C=CC=C%11C%10=O)S8)=C2C1=O,O=C1Cc2ccsc2C2=C3c4ccc5ccccc5c4C=CC3(c3cc4c(c5cc6c(cc35)=CCCC=6)C3(NC45CC=Cc4cc6ccc7ccccc7c6cc45)c4ccccc4Nc4cc5ccc6ccccc6c5cc43)C3(C=C12)C(=O)C(=O)Nc1cc2ccccc2cc13,-5.62,-3.65,-5.8058,-4.0193,-0.1858,-0.3693,0.03452164,0.13638249,,,0,0
O=C(N(C1=O)C(CCCCCC)CCCCCC)C2=CC(C3=CC=C4C(C5(C6=CC(C7=C(C8=CC=C(C(N9C(CCCCCC)CCCCCC)=O)C%10=C8C%11=CC=C%10C9=O)C(C%11=CC=C%12C%13=O)=C%12C(C(N%13C(CCCCCC)CCCCCC)=O)=C7)=CC=C46)C%14=CC(C%15=C(C%16=CC=C(C(N%17C(CCCCCC)CCCCCC)=O)C%18=C%16C%19=CC=C%18C%17=O)C(C%19=CC=C%20C%21=O)=C%20C(C(N%21C(CCCCCC)CCCCCC)=O)=C%15)=CC=C%14C%22=CC=C(C%23=C(C%24=CC=C(C(N%25C(CCCCCC)CCCCCC)=O)C%26=C%24C%27=CC=C%26C%25=O)C(C%27=CC=C%28C%29=O)=C%28C(C(N%29C(CCCCCC)CCCCCC)=O)=C%23)C=C5%22)=C3)=C%30C%31=C2C1=CC=C%31C%32=CC=C(C%33=O)C%34=C%32C%30=CC=C%34C(N%33C(CCCCCC)CCCCCC)=O,C.C.C.C.C.C.C.C.C.C.C.C.C.C.C.C.C.C.C.C.C.C.C.C.C.C.C.C.C.C.C.C.C.C.C.C.C.C.C=C.C=C.C=C.C=C.C=C.C=C.C=C.C=C.C=C.C=C.C=C.C=C.C=C.C=C1CC(=O)c2c(C)cc(-c3cc(C)c(C4=C(C)C=C(c5cccc6ccc7c8ccc9c%10ccc%11c%12c(c(C)cc%11c%10ccc9c8ccc7c56)CCc5cc6c(cc5-%12)-c5ccc7ccc8c9ccc%10c%11ccccc%11ccc%10c9ccc8c7c5C(=C)C6)C5(CCC=CC56C(=O)C=Cc5cc7ccc8c(ccc9c%10ccccc%10ccc98)c7cc56)C45CCC=CC54C(=O)C=Cc5cc6ccc7c(ccc8c9ccccc9ccc87)c6cc54)s3)cc2N1.N,-5.97,-3.78,-6.1991,-4.3839,-0.2291,-0.6039,0.05248681,0.36469521,,,0,0
O=C(N1CC(CCCC)CCCCCC)/C(C2=CC=C(C3=C(CC(CCCC)CCCCCC)C=C(/C=C(C4=O)\C(C5=CC=CC=C45)=C(C#N)/C#N)S3)C=C12)=C6C7=CC=C(C8=C(CC(CCCC)CCCCCC)C=C(/C=C(C9=O)/C(C%10=CC=CC=C9%10)=C(C#N)\C#N)S8)C=C7N(CC(CCCC)CCCCCC)C\6=O,C.C.C.C.C.C.C.C.C.C.C.C.C.C=C.C=C.CC1=CC=C(c2cc(C)c(C3=CC(C)CC(=O)C3)s2)C2(C(=O)C=Cc3cc4ccc5c(c4cc32)c2c3c4c6ccccc6c6ccccc6c4c4c6ccccc6c6ccccc6c4c3c3c4c6ccccc6ccc4c4c6ccccc6c6ccccc6c4c3c2c2c5c3c4c5ccccc5c5ccccc5c4c4c5ccccc5c5ccccc5c4c3c3c4c5ccccc5c5ccccc5c4c4c5ccccc5c5ccccc5c4c32)C1C,-5.99,-3.95,-6.3091,-4.3924,-0.3191,-0.4424,0.10182481,0.19571776,,,0,0
O=C(N1CC(CCCC)CCCCCC)/C(C2=CC=C(C(SC(/C=C(C3=O)\C(C4=CC=CC=C34)=C(C#N)\C#N)=C5)=C5OCC(CCCC)CCCCCC)C=C12)=C6C7=CC=C(C(SC(/C=C(C8=O)/C(C9=CC=CC=C89)=C(C#N)\C#N)=C%10)=C%10OCC(CCCC)CCCCCC)C=C7N(CC(CCCC)CCCCCC)C\6=O,C.C.C.C.C.C.C.C.C.C.C.C.C.C=C.C=C.CC1=CC=C(c2cc(C)c(C3=CC(C)CC(=O)C3)s2)C2(C(=O)C=Cc3cc4ccc5c(c4cc32)c2c3c4c6ccccc6c6ccccc6c4c4c6ccccc6c6ccccc6c4c3c3c4c6ccccc6ccc4c4c6ccccc6c6ccccc6c4c3c2c2c5c3c4c5ccccc5c5ccccc5c4c4c5ccccc5c5ccccc5c4c3c3c4c5ccccc5c5ccccc5c4c4c5ccccc5c5ccccc5c4c32)C1C,-5.74,-3.93,-6.3374,-4.4283,,,0,0,-0.5974,-0.4983,0.35688676,0.24830289
CCCCCCC1=CC=C(C2(C3=CC=C(CCCCCC)C=C3)C(C=C(/C=C4C(C5=C(C/4=C(C#N)/C#N)C=CC=C5)=O)S6)=C6C7=CC8=C(C(SC9=C%10SC(/C=C%11/C(C(C=CC=C%12)=C%12C%11=O)=C(C#N)\C#N)=C9)=C%10C8(C%13=CC=C(CCCCCC)C=C%13)C%14=CC=C(CCCCCC)C=C%14)C=C27)C=C1,C.C.C.C.C.C.C.C.C.C.C.C.C.C.C.C.C.C.C.C.C.C.C.C.C.C.C.C.C.C.C.C.C.C.C.C.C.C.C.C.C.C.C.C.C.C.C.C.C.C.C.C.C.C.C.C.C.C.C.C.C.C.C.C.C.C.C.C.C.C.C.C.C.C.C.C.C.C.C.C.C.C.C.C.C.C.C.C.C.C.C.C.C.C.C.C.C.C.C.C.C.C.C.C.C.C.C.C.C.C.C.C.C=C.C=C.C=C.C=C.C=C.C=C.C=C.C=C.C=C.C=C.C=C.C=C.C=C.C=C.C=C.C=C.C=C.C=C.C=C.C=C.C=C.C=C.C=C.C=C.C=C.C=C.C=C.C=C.C=C.C=C1CC2(c3cc(C)c4c(cc(C)c5c(C)cc6c(c54)C=CC4C=Cc5c(C)cc7c(ccc8cc9cc%10c(cc(C)c%11cc%12c(cc%11%10)-c%10c(c(C)cc%11c%10ccc%10c%11ccc%11c%10ccc%10c%11ccc%11c%10ccc%10c%11ccc%11c%13ccc%14c%15ccc%16c%17cc%18c(cc%17ccc%16c%15ccc%14c%13ccc%11%10)C%10=Cc%11c(ccc%13c%11C%11C=CCCC%11C=C%13)C%11%13C=C(C)c%14c(C)cc%15c%16c(c%17ccc%19c(c%17c%15c%14C%11C=CCC%10%13C(C)=C%18)C=CC%10CC=c%11ccc%13c%14c(c(C)cc%13c%11=C%19%10)C=CCC%14%10C(C%11C=C%13C=CCC(CCCCCC)C%13=CC%11C)=CC=C(C)C%10C)CCC=C%16)CC%12)cc9cc87)c5C64)c3C=CC2C)c2ccc3ccc4c5ccc6c7c(c(C)cc6c5ccc4c3c2N1)C=CC1(C)c2ccc3cc(C)c4ccc5c(ccc6cccc(C)c65)c4c3c2C=C(C)C71.N.S.S,-5.62,-3.9,-5.9074,-4.0199,,,0,0,-0.2874,-0.1199,0.08259876,0.01437601
CCCCCCC1=CC=C(C2(C3=CC=C(CCCCCC)C=C3)C(C(SC4=C5SC(/C=C6C(C7=C(C/6=C(C#N)\C#N)C=CC=C7)=O)=C4)=C5S8)=C8C9=CC%10=C(C(SC%11=C%12SC(/C=C%13/C(C(C=CC=C%14)=C%14C%13=O)=C(C#N)\C#N)=C%11)=C%12C%10(C%15=CC=C(CCCCCC)C=C%15)C%16=CC=C(CCCCCC)C=C%16)C=C29)C=C1,C.C.C.C.C.C.C.C.C.C.C.C.C.C.C.C.C.C.C.C.C.C.C.C.C.C.C.C.C.C.C.C.C.C.C.C.C.C.C.C.C.C.C.C.C.C.C.C.C.C.C.C.C.C.C.C.C.C.C.C.C.C.C.C.C.C.C.C.C.C.C.C.C.C.C.C.C.C.C.C.C.C.C.C.C.C.C.C.C.C.C.C.C.C.C.C.C.C.C.C.C.C.C.C.C.C.C.C.C.C.C.C.C.C.C.C=C.C=C.C=C.C=C.C=C.C=C.C=C.C=C.C=C.C=C.C=C.C=C.C=C.C=C.C=C.C=C.C=C.C=C.C=C.C=C.C=C.C=C.C=C.C=C.C=C.C=C.C=C.C=C1CC2(c3cc(C)c4c(cc(C)c5c(C)cc6c(c54)C=CC4C=Cc5c(C)cc7c(ccc8cc9cc%10c(cc(C)c%11cc%12c(cc%11%10)-c%10c(c(C)cc%11c%10ccc%10c%11ccc%11c%10ccc%10c%11ccc%11c%10ccc%10c%11ccc%11c%13ccc%14c%15ccc%16c%17cc%18c(cc%17ccc%16c%15ccc%14c%13ccc%11%10)C%10=Cc%11c(ccc%13c%11C%11C=CCCC%11C=C%13)C%11%13C=C(C)c%14c(C)cc%15c%16c(c%17ccc%19c(c%17c%15c%14C%11C=CCC%10%13C(C)=C%18)C=CC%10CC=c%11ccc%13c%14c(c(C)cc%13c%11=C%19%10)C=CCC%14%10C(C%11C=C%13C(S)=CCC(CCCCCC)C%13=CC%11C)=CC=C(C)C%10C)CCC=C%16)CC%12)cc9cc87)c5C64)c3C=CC2C)c2ccc3ccc4c5ccc6c7c(c(C)cc6c5ccc4c3c2N1)C(C)=CC12C(C)=Cc3c4c(cc(C)c3C1C(C)C=CC72)C1C=Cc2ccccc2C1(C)C=C4.N.S,-5.54,-3.91,-5.9199,-4.0339,-0.3799,-0.1239,0.14432401,0.01535121,,,0,0
CCCCCCC1=CC=C(C2(C3=CC=C(CCCCCC)C=C3)C4=CC(C(SC(C(SC(/C=C(C5=O)/C(C6=CC(F)=C(F)C=C56)=C(C#N)\C#N)=C7OC)=C7OC)=C8)=C8C9(C%10=CC=C(CCCCCC)C=C%10)C%11=CC=C(CCCCCC)C=C%11)=C9C=C4C%12=C2C=C(C(SC(/C=C(C%13=O)/C(C%14=CC(F)=C(F)C=C%13%14)=C(C#N)/C#N)=C%15OC)=C%15OC)S%12)C=C1,C.C.C.C.C.C.C.C.C.C.C.C.C.C.C.C.C.C.C.C=C.C=C.C=C.C=C.C=C.C=C.CCCCCCC1CC=CC2=CC(C3=CC=C(C)C(C)C34CC=Cc3cc5cc6c(cc5cc34)=C3c4c(c5c(c7cc(C)c8c(c47)C47C(=C9c%10c%11c(c%12c(c%10-c%10c%13c(c%14c(c%10C9C9%10C(=Cc%15c%16c(c%17c(c%15C49C4=C8C8c9cc(C)c%15c(c9C=CC8C=C4)CCC=C%15)CC=CC%17)C=CCC%16)C4=C(CC=CC4)C4=C%10CCC=C4)CC=CC%14)C=CCC%13)CC=CC%12)C=CCC%11)c4c8c(c9c(c4-c4c%10c(c%11c(c47)CCC=C%11)CC=CC%10)CCC=C9)CC=CC8)C=CCC5)C=CC3CC=6)C(C)C=C21.N.S.S,-5.49,-3.85,-5.8366,-3.9699,-0.3466,-0.1199,0.12013156,0.01437601,,,0,0
O=C1C(/C(C2=CC(Cl)=C(Cl)C=C12)=C(C#N)\C#N)=C/C3=CC(C(C4=CC=C(CCCCCC)C=C4)(C5=CC=C(CCCCCC)C=C5)C6=C7SC8=C(C9=CC(F)=C(CC(CC)CCCC)S9)C%10=C(SC%11=C%10C(C%12=CC=C(CCCCCC)C=C%12)(C%13=CC=C(CCCCCC)C=C%13)C%14=C%11SC(/C=C(C%15=O)/C(C%16=CC(Cl)=C(Cl)C=C%15%16)=C(C#N)/C#N)=C%14)C(C%17=CC(F)=C(CC(CC)CCCC)S%17)=C68)=C7S3,C.C.C.C.C.C.C.C.C.C.C.C.C.C.C.C.C.C.C.C.C.C.C.C.C.C.C.C.C.C.C.C.C.C.C.C.C.C.C.C.C.C.C.C.C.C.C.C.C.C.C.C.C.C.C.C.C.C.C.C.C.C.C.C.C.C.C.C.C.C.C.C.C.C.C.C.C.C.C.C.C.C.C.C.C.C.C.C.C.C.C.C.C.C.C.C.C.C.C.C.C.C.C.C.C.C.C.C.C.C.C.C.C.C.C.C.C.C.C.C.C.C.C.C.C.C.C.C.C.C.C.C.C.C.C.C.C.C.C.C.C.C.C.C=C.C=C.C=C.C=C.C=C.C=C.C=C.C=C.C=C.C=C1CC2c3c(c(C)cc4c5ccccc5c5c6cc7c(cc6c(C6C=C8C(=O)C(S)C=CC8=CC6C)cc5c34)=CCCC=7)C=CC2(C)c2c(C)cc3c4c(ccc3c21)=CCC1C=Cc2c(cc(C)c3c2C2C=C(C)CC56C=C(C)CC78C=C(C)CC9%10C=C(C)CC%11%12C=C(C)CC%13%14C=C(C)CC%15%16C=C(C)CC%17%18C=C(C)CC%19%20C=C(C)CC%21%22C=C(C)CC%23%24C=CCC%25C(C)C%26=C(CC%25%23CC(C)=CC%24%21CC(C)=CC%22%19CC(C)=CC%20%17CC(C)=CC%18%15CC(C)=CC%13%16CC(C)=CC%11%14CC(C)=CC9%12CC(C)=CC7%10CC(C)=CC58CC(C)=CC26C=C3C)c2cc3ccc5c(ccc6c7ccc8c9c(c(C)cc8c7ccc56)C(C)=CC56C=C(C)CC78C=C(C)CC%10%11C=C(C)CC%12%13C=C(C)CC%14%15C=C(C)CC%16%17C=CCC(C)C%16C(C)C=CC%17%14CC(C)=CC%15%12CC(C)=CC%10%13CC(C)=CC7%11CC(C)=CC58CC(C)=CC96)c3cc2CC%26)C=41,-5.7,-3.91,-6.1579,-4.399,-0.4579,-0.489,0.20967241,0.239121,,,0,0
CCCCCCC1=CC=C(C2(C3=CC=C(CCCCCC)S3)C(C(SC(/C=C(C4=O)\C(C5=CSC=C45)=C(C#N)/C#N)=C6)=C6S7)=C7C8=CC9=C(C(SC(/C=C(C%10=O)/C(C%11=CSC=C%10%11)=C(C#N)\C#N)=C%12)=C%12C9(C%13=CC=C(CCCCCC)S%13)C%14=CC=C(CCCCCC)S%14)C=C28)S1,C.C.C.C.C.C.C.C.C.C.C.C.C.C.C.C.C.C.C.C.C.C.C.C.C.C.C.C.C.C=C.C=C.C=C.C=C.C=C.C=C.C=C.C=C.C=C.C=C.C=C.C=C.C=C.C=C.C=C.C=C.CCCCCCC1Cc2cc(-c3cc4c5c6c(c(C)cc5c5ccccc5c4c4cc5c(cc34)=CCCC=5)C=CC3C4=C(SC63)C3CC=C5Sc6c(c7ccc8c9ccccc9ccc8c7c7c6c6c(c8ccccc87)=CCC7C=Cc8c(ccc9c8ccc8c%10ccccc%10c%10ccc%11c%12ccc%13c%14ccc%15c%16ccc%17ccccc%17c%16ccc%15c%14ccc%13c%12ccc%11c%10c98)C=67)C5C3=CC4)sc2C2=CC(c3cccc4cc5c(cc34)=CCCC=5)C(c3cccc4cc5c(cc34)=CCCC=5)C=C21.S.S.S,-5.71,-4.01,-5.4934,-3.679,0.2166,0.331,0.04691556,0.109561,,,0,0
O=C1C(/C(C2=CC=CC=C12)=C(C#N)\C#N)=C/C3=CC4=C(C(C(C5=CC=C(CCCCCC)C=C5)(C6=CC=C(CCCCCC)C=C6)C7=CC(C(SC(/C=C(C8=O)/C(C9=CC=CC=C89)=C(C#N)/C#N)=C%10)=C%10C%11(C%12=CC=C(CCCCCC)C=C%12)C%13=CC=C(CCCCCC)C=C%13)=C%11C=C%147)=C%14S4)S3,C.C.C.C.C.C.C.C.C.C.C.C.C.C.C.C.C.C.C.C.C.C.C.C.C.C.C.C.C.C.C.C.C.C.C.C.C.C.C.C.C.C.C.C.C.C.C.C.C.C.C.C.C.C.C.C.C.C.C.C.C.C.C.C.C.C.C.C.C.C.C.C.C.C.C.C.C.C.C.C.C.C.C.C.C.C.C.C.C.C.C.C.C.C.C.C.C.C=C.C=C.C=C.C=C.C=C.C=C.C=C.C=C.C=C.C=C.C=C.C=C.C=C.C=C.C=C.C=C.C=C.C=C.C=C.C=C.C=C.C=C.C=C.C=C.C=C.C=C.C=C.C=C.C=C.C=C.C=C.C=C1CC2(c3cc4c(cc3C=CC2C)C=CC2CC=c3ccc5cc(C)c6c(c5c3=C42)CCc2c(C)cc3c4c(ccc3c2-6)C2=c3c(ccc5cc(C)c6c(c35)CCc3c(C)cc5c(ccc7c8c(ccc75)C5=c7c(ccc9cc(C)c%10c(c79)CCc7c(C)cc9c(ccc%11c9ccc9c%11ccc%11c%12ccc%13cc%14c(cc%13c%12ccc%119)NCCC%149NC%11(CC=Cc%12cc%13ccc%14ccccc%14c%13cc%12%11)c%11cc(C%12C=C%13C(S)=CCC(=O)C%13=CC%12C)c%12cc%13c(cc%12c%119)=CCCC=%13)c7-%10)=CCC5C=C8)c3-6)=CCC2C=C4)c2ccc3ccc4c5ccc6c7ccc8c9ccc%10cc%11c(cc%10c9ccc8c7ccc6c5ccc4c3c2N1)C12C(C)=CC34C=CC=CC3CC=CC4C1=CCC(C)C2C(C)=C%11.N,-5.6,-3.87,-6.1464,-4.3947,-0.5464,-0.5247,0.29855296,0.27531009,,,0,0
CCCCCCCCOC(C(SC(/C=C(C1=O)\C(C2=CC=CC=C12)=C(C#N)/C#N)=C3OCCCCCCCC)=C3S4)=C4C5=CC=C6C(C7(C8=CC(C(SC9=C%10SC(/C=C(C%11=O)/C(C%12=CC=CC=C%11%12)=C(C#N)\C#N)=C9OCCCCCCCC)=C%10OCCCCCCCC)=CC=C68)C%13=CC(C(SC%14=C%15SC(/C=C(C%16=O)\C(C%17=CC=CC=C%16%17)=C(C#N)/C#N)=C%14OCCCCCCCC)=C%15OCCCCCCCC)=CC=C%13C%18=CC=C(C(SC%19=C%20SC(/C=C(C%21=O)/C(C%22=CC=CC=C%21%22)=C(C#N)/C#N)=C%19OCCCCCCCC)=C%20OCCCCCCCC)C=C7%18)=C5,C.C.C.C.C.C.C.C.C.C.C.C.C.C.C.C.C.C.C.C.C.C.C.C.C.C.C.C.C.C.C.C.C.C.C.C.C.C.C.C.C.C.C.C.C.C.C.C.C.C.C.C.C.C.C.C.C.C.C.C.C.C.C.C.C.C.C.C.C.C.C.C.C.C.C.C.C.C.C.C.C.C.C.C.C.C.C.C.C.C.C.C.C.C.C.C.C.C.C.C.C.C.C.C.C.C.C.C.C.C.C.C.C.C.C.C.C.C.C.C.C.C.C.C.C.C.C.C.C.C.C.C.C.C.C.C.C=C.C=C.C=C.C=C.C=C.C=C.C=C.C=C.C=C.C=C.C=C.CC1=Cc2cc(-c3sc(C4=C(C)C=C(C)C(C)C4(C)c4cc5c(s4)C=CC(C)C5C4=CC=CC5(C)C4C=CC(C)C54CC(C)=Cc5cc6c(cc54)CCc4cc5ccc7c(c5cc4-6)=C4c5ccc6c8c(c(C)cc6c5C=CC4CC=7)C(C)=CC45C=C(C)CC67C=C(C)CC9%10CCc%11cc%12c(C)cc%13c(c%12cc%11C9C(C)C=CC%106CC(C)=CC47CC(C)=CC85)=C4c5cc(C)c6c(c5C=CC4CC=%13)C4C=C(C)CC57C=C(C)CC89C=C(C)CC%10%11C(c%12ccccc%12C%12(CCCc%13cc%14c(cc%13%12)C%12C=C(C)CC%13%15C=C(C)CC%16%17C=C(C)CC%18%19C=C(C)CC%20%21C=CC(C)C%22c%23cc%24c%25c(cc(C)c%24cc%23CCC%22%20CC(C)=CC%21%18CC(C)=CC%16%19CC(C)=CC%13%17CC(C)=CC%12%15C=C%14C)=C(C)CC%12%13C=CC(C)C%14c%15cc(C)ccc%15CCC%14%12CC(C)=CC=%25%13)C%10C)C(C)C=CC%118CC(C)=CC59CC(C)=CC47C=C6C)cc3C)cc(C)c2C(=O)C1,-4.01,-5.81,-6.1263,-4.2581,-2.1163,1.5519,4.47872569,2.40839361,,,0,0
CCCCCC[Si]1(C(C(SC(C2=C3C=C(/C=C4/C(C(C=CC=C5)=C5C4=O)=C(C#N)/C#N)S2)=C6[Si]3(CCCCCC)CCCCCC)=C6S7)=C7C8=C1C=C(/C=C9/C(C(C=CC=C%10)=C%10C9=O)=C(C#N)/C#N)S8)CCCCCC,C.C.C.C.C.C.C.C.C.C.C.C.C.C.C.C.C.C.C.C.C.C.C.C.C.C.C.C.C.C.C.C.C.C.C.C.C.C.C.C.C.C.C.C.C.C.C.C.C.C.C.C.C.C.C.C.C.C.C.C.C.C.C.C.C.C.C.C.C.C.C.C.C.C.C.C.C.C.C.C.C.C.C.C.C.C.C.C=C.C=C.C=C.C=C.C=C.C=C.C=C.C=C.C=C.C=C.C=C.C=C.C=C.C=C.C=C.C=C.C=C.C=C.C=C.C=C.C=C.C=C.C=C.C=C.C=C.CC1=CC2=CC(c3sc(C4=CC=C(C)C(C)C45C(=O)C=Cc4c(C)cc6ccc7c(c6c45)=C4c5cc6c(cc5C=CC4CC=7)C(C)=CC45CC7=C(CCc8cc9c(ccc%10c9ccc9c%11cc%12c(cc%11ccc9%10)C=C(C)C9C(C)CC=C%10C%11C=CCC%13C(C)C%14=C(CC%11%13C=C(C)C%10%129)C9=CCC%10C=CC=CC%10=C9C9CCc%10c(c(C)cc%11c%10c%10c(c%12c%13cc%15cc%16ccc%17c(ccc%18c%17ccc%17c%18ccc%18c%17ccc%17c%18ccc%18c%17ccc%17c%19ccc%20c%21ccc%22c%23ccc%24c%25cc(C)c%26c(c%25ccc%24c%23ccc%22c%21ccc%20c%19ccc%18%17)CCCC%26)c%16cc%15cc%13c%13ccccc%13c%11%12)=CCC%11C=Cc%12c(ccc%13ccccc%12%13)C=%10%11)C%149C)cc87)C(C)C4CC=CC65)cc3C)C(C)C=C2C(=O)C1.S,-5.58,-4.21,-6.0507,-4.263,,,0,0,-0.4707,-0.053,0.22155849,0.002809
CCCCCCCCC1=C2C(C(C3=CC=C(CCCCCC)C=C3)(C4=CC=C(CCCCCC)C=C4)C5=C6SC(/C=C(C7=O)\C(C8=CC=CC=C78)=C(C#N)/C#N)=C5)=C6SC2=C(CCCCCCCC)C9=C1SC%10=C9C(C%11=CC=C(CCCCCC)C=C%11)(C%12=CC=C(CCCCCC)C=C%12)C%13=C%10SC(/C=C(C%14=O)/C(C%15=CC=CC=C%14%15)=C(C#N)/C#N)=C%13,C.C.C.C.C.C.C.C.C.C.C.C.C.C.C.C.C.C.C.C.C.C.C.C.C.C.C.C.C.C.C.C.C.C.C.C.C.C.C.C.C.C.C.C.C.C.C.C.C.C.C.C.C.C.C.C.C.C.C.C.C.C.C.C.C.C.C.C.C.C.C.C.C.C.C.C.C.C.C.C.C.C.C.C.C.C.C.C.C.C.C.C.C.C.C.C.C.C.C.C.C.C.C.C.C.C.C.C.C.C.C.C.C.C.C.C.C.C.C.C.C.C.C.C.C.C.C.C=C.C=C.C=C.C=C.C=C.C=C.C=C.C=C.C=C.C=C.C=C.C=C.C=C.C=C.C=C.C=C.C=C.C=C.C=C.C=C.C=C.C=C.C=C.C=C.C=C.C=C.C=C.C=C.C=C.C=C.C=C.C=C.C=C.CC1=CC2=CC(c3sc(C4=CC=C(C)C(C)C45C(=O)C=Cc4cc6c7c(ccc6cc45)=CCC4C=Cc5c(cc(C)c6c5C5C=C(C)CC89C=C(C)CC%10%11C=CC(C)C%12(CC(C)=Cc%13cc%14c(cc%13%12)CCc%12cc%13ccc%15c(c%13cc%12-%14)=C%12c%13ccc%14c%16c(c(C)cc%14c%13C=CC%12CC=%15)C=CC%12%13C=C(C)C%14=C(C%15C=CCC%17C=Cc%18c(ccc%19c%18ccc%18c%19ccc%19c%18ccc%18c%19ccc%19c%18ccc%18c%19ccc%19c%18ccc%18c%19ccc%19c%18ccc%18c%20ccc%21c%22ccc%23c%24ccc%25c%26ccc%27c%28cc(C)c%29c(c%28ccc%27c%26ccc%25c%24ccc%23c%22ccc%21c%20ccc%19%18)-c%18cc%19cc(C)c%20c(c%19cc%18CC%29)C%18C%19=C(C=C(C)C%18C=C%20)C(C)=CC%18%20C%21=C(C=CC(C)C%21)C=C(C)C%18CC=CC%19%20)C%17%15C=C%14C)C%16%12C=CCC%13)C%10C(C)C=CC%118CC(C)=CC59C=C6C)C=74)cc3C)C(C)C=C2C(=O)C1,-5.36,-3.89,-6.2006,-4.351,-0.8406,-0.461,0.70660836,0.212521,,,0,0
CCCCCCOC1=CC=CC(C2(C3=CC(OCCCCCC)=CC=C3)C(C(SC(/C=C(C4=O)\C(C5=CC(Cl)=C(Cl)C=C45)=C(C#N)/C#N)=C6)=C6S7)=C7C8=CC9=C(C(SC%10=C%11SC(/C=C(C%12=O)/C(C%13=CC(Cl)=C(Cl)C=C%12%13)=C(C#N)/C#N)=C%10)=C%11C9(C%14=CC(OCCCCCC)=CC=C%14)C%15=CC(OCCCCCC)=CC=C%15)C=C28)=C1,C.C.C.C.C.C.C.C.C.C.C.C.C.C.C.C.C.C.C.C.C.C.C.C.C.C.C.C.C.C.C.C.C.C.C.C.C.C.C.C.C.C.C.C.C.C.C.C.C.C.C.C.C.C.C.C.C.C.C.C.C.C.C.C.C.C.C.C.C.C.C.C.C.C.C.C.C.C.C.C.C.C.C.C.C.C.C.C.C.C.C.C.C.C.C.C.C.C.C.C.C.C.C.C.C.C.C.C.C.C.C.C.C.C.C.C.C.C.C.C.C.C.C.C.C.C.C.C.C.C.C.C.C.C.C.C=C.C=C.C=C.C=C.C=C.C=C.C=C.C=C.C=C.C=C.C=C.C=C.C=CCCC1C=Cc2cc(C)c3c(c2C1)CCc1cc2c(cc1-3)C1C(C)C=CC3C4=CCC(C)C5C(C)=Cc6cc(C)c7c(c6C45C(C)=CC31CC2)CCC12C=C(C)C34C(=CCC(C)C3C(C)=Cc3cc(C)c5c(c34)CCC3C4=CCC(C)C6C(C)=CC89C(=CCC(C)C8C(C)=Cc8cc(C)c%10c(c89)C=C(C)C89CC(C)=CC%11%12CC(C)=CC%13%14CC(C)=c%15cc(C)c%16cc(C)c%17c(c%16c%15=C%13C=C(C)CC%14%11C=C(C)CC8%12C=CC(C)C%109)CCC8C9=CCC(C)C%10C(C)=CC%11%12C(=CCC(C)C%11C(C)=Cc%11cc%13ccc%14c(c%13cc%11%12)C=CC%11CC=c%12ccc%13cc(C)c%15c(c%13c%12=C%14%11)CCc%11cc%12c(cc%11-%15)C%11C(C)C=CC%13%14CC(C)=CC%15%16CC(C)=c%18cccc(C%19C(C)=Cc%20ccccc%20C%19C%19C(C%20C(C%21=CC(C)CC(=O)C%21)=CC=CC%20C)=CC=CC%19C)c%18=C%15C=C(C)CC%16%13C=C(C)CC%11%14CC%12)C9%10C=CC%178C)C46C=CC53C)C1C=CC(C)C72,-5.78,-4.05,-6.1903,-4.3258,,,0,0,-0.4103,-0.2758,0.16834609,0.07606564
O=C(N(C1=O)CC(CC)CCCC)C2=C(C3=CC=C(C4=CC=C(N(C5=CC=C(C6=CC=C(C7=C(C(N(CC(CC)CCCC)C8=O)=O)C(C8=CC=C9C%10=C%11OCCOC)=C9C(C%12=CC=C(C%13=O)C(C(C(N%13CC(CC)CCCC)=O)=C%11)=C%12%10)=C7)S6)C=C5)C%14=CC=C(C%15=CC=C(C%16=C(C(N(CC(CC)CCCC)C%17=O)=O)C(C%17=CC=C%18C%19=C%20OCCOC)=C%18C(C%21=CC=C(C%22=O)C(C(C(N%22CC(CC)CCCC)=O)=C%20)=C%21%19)=C%16)S%15)C=C%14)C=C4)S3)C=C(C%23=CC=C(C%24=O)C%25=C%23%26)C%27=C2C1=CC=C%27C%26=C(C=C%25C(N%24CC(CC)CCCC)=O)OCCOC,C.C.C.C.C.C.C.C.C.C.C.C.C.C.C.C.C.C.C.C.C.C.C.C.C.C=C.C=C.C=C.C=C.C=C.C=C1Cc2c(cc(C)c3c2C2(C=Cc4ccc5c(c4C24C=C(C)CC(=O)C4)Cc2cc4ccccc4cc2-5)CC=C3)-c2c(C)cc3c(c21)CC(=C)c1c-3ccc2ccc3c(c12)c1c2c4c5ccccc5c5ccccc5c4c4c5ccccc5c5ccccc5c4c2c2ccc4c5ccccc5ccc4c2c1c1c3c2c3c4ccccc4c4ccccc4c3c3c4ccccc4c4ccccc4c3c2c2c3c4ccccc4c4ccccc4c3c3c4ccccc4c4ccccc4c3c12,-5.6,-3.8,-6.2215,-4.3921,,,0,0,-0.6215,-0.5921,0.38626225,0.35058241
CCC(N1C(/C=C/C2=CC=C(/C=C/C3=NC(C#N)=C(C#N)N3C(CC)CCCC)C4=NSN=C24)=NC(C#N)=C1C#N)CCCC,Cc1csc(C23C(=O)N(C)C(=O)C2C=CC=C3c2ccc(C3CC(C)c4ccccc43)s2)c1,-6.1,-3.6,-3.6002,-2.452,2.4998,1.148,6.24900004,1.317904,,,0,0
O=C1C(/C(C2=CSC(C)=C12)=C(C#N)\C#N)=C\C3=CC(C(C4=CC=C(CCCCCC)C=C4)(C5=CC=C(CCCCCC)C=C5)C6=C7SC8=C(C9=CC=C(CC(CC)CCCC)S9)C%10=C(SC%11=C%10C(C%12=CC=C(CCCCCC)C=C%12)(C%13=CC=C(CCCCCC)C=C%13)C%14=C%11SC(/C=C(C%15=O)\C(C%16=CSC(C)=C%15%16)=C(C#N)\C#N)=C%14)C(C%17=CC=C(CC(CC)CCCC)S%17)=C68)=C7S3,C.C.C.C.C.C.C.C.C.C.C.C.C.C.C.C.C.C.C.C.C.C.C.C.C.C.C.C.C.C.C.C.C.C.C.C.C.C.C.C.C.C.C.C.C.C.C.C.C.C.C.C.C.C.C.C.C.C.C.C.C.C.C.C.C.C.C.C.C.C.C.C.C.C.C.C.C.C.C.C.C.C.C.C.C.C.C.C.C.C.C.C.C.C.C.C.C.C.C.C.C.C.C.C.C.C.C.C.C.C.C.C.C.C.C.C.C.C.C.C.C.C.C.C.C.C.C.C.C.C.C.C.C.C=C.C=C.C=C.C=C.C=C.C=C.C=C.C=C.C=C.C=C.C=C.C=C.C=C.C=C.C=C.C=C.C=C.C=C1CC2c3c(c(C)cc4c5ccccc5c5c6cc7c(cc6c(C6C=C8C(S)=CCC(=O)C8=CC6C)cc5c34)=CCCC=7)C=CC2(C)c2c(C)cc3c4c(ccc3c21)=CCC1C=Cc2c(cc(C)c3c2C2C=C(C)CC56C=C(C)CC78C=C(C)CC9%10C=C(C)CC%11%12C=C(C)CC%13%14C=C(C)CC%15%16C=C(C)CC%17%18C=C(C)CC%19%20C=C(C)CC%21%22C=CCC%23C(C)c%24c(c%25cc%26ccccc%26cc%25c%25c%24=C%24c%26ccc%27c%28c(c(C)cc%27c%26C=CC%24CC=%25)C(C)=CC%24%25c%26ccc%27c(ccc%29c%27ccc%27c%30ccc%31c%32c(c(C)cc%31c%30ccc%29%27)C=CC(C)C%32%27CC(C)=Cc%29cc%30c%31c(ccc%30cc%29%27)=CCC%27C=Cc%29c(cc(C)c%30c%29CC(C)C=C%30)C=%31%27)c%26C=CC%24CC=CC%28%25)CC%23%21CC(C)=CC%22%19CC(C)=CC%20%17CC(C)=CC%18%15CC(C)=CC%16%13CC(C)=CC%11%14CC(C)=CC9%12CC(C)=CC7%10CC(C)=CC58CC(C)=CC26C=C3C)C=41,-5.59,-3.86,-6.1269,-4.3759,-0.5369,-0.5159,0.28826161,0.26615281,,,0,0
CCC(CCCC)COC1=C2C(C(C3=CC=C(CCCCCC)C=C3)(C4=CC=C(CCCCCC)C=C4)C5=C6SC(/C=C(C7=O)/C(C8=CSC(C)=C78)=C(C#N)\C#N)=C5)=C6SC2=C(OCC(CC)CCCC)C9=C1SC%10=C9C(C%11=CC=C(CCCCCC)C=C%11)(C%12=CC=C(CCCCCC)C=C%12)C%13=C%10SC(/C=C(C%14=O)\C(C%15=CSC(C)=C%14%15)=C(C#N)/C#N)=C%13,C.C.C.C.C.C.C.C.C.C.C.C.C.C.C.C.C.C.C.C.C.C.C.C.C.C.C.C.C.C.C.C.C.C.C.C.C.C.C.C.C.C.C.C.C.C.C.C.C.C.C.C.C.C.C.C.C.C.C.C.C.C.C.C.C.C.C.C.C.C.C.C.C.C.C.C.C.C.C.C.C.C.C.C.C.C.C.C.C.C.C.C.C.C.C.C.C.C.C.C.C.C.C.C.C.C.C.C.C.C.C.C.C.C.C.C.C.C.C.C.C.C.C.C.C.C.C.C.C.C.C.C.C.C.C.C.C.C.C.C.C.C.C.C.C.C.C.C.C.C.C.C.C.C.C.C.C.C.C.C.C.C.C.C.C.C.C.C.C=C.C=C.C=C.C=C.C=C.C=C.C=C.C=C.C=C.C=C.C=C.C=C.C=C.C=C.C=C.C=C.CC1=CC2=CC(c3sc(C4=CC=C(C)C(C)C45c4cc6ccc7c(c6cc4C=CC5C)=C4c5ccc6c8c(c(C)cc6c5C=CC4CC=7)C(C)=CC45C=C(C)CC67C=CCC9C(C)C%10=C(CC96CC(C)=CC47CC(C)=CC85)c4cc5ccc6c(ccc7c8cc(C)c9c(c8ccc76)C6C=C(C)CC78C=C(C)CC%11%12C=C(C)CC%13%14C=C(C)CC%15%16CC%17=C(CCc%18cc%19c(ccc%20c%19ccc%19c%21cc(C)c%22c(c%21ccc%19%20)C%19C=C(C)CC%20%21C=C(C)CC%23%24C=C(C)CC%25%26C=C(C)CC%27%28C=C(C)CC%29%30C=C(C)CC%31%32C=C(C)CC%33%34C=C(C)CC%35%36C=C(C)CC%37%38C=C(C)CC%39%40C=C(C)CC%41%42C=CCC%43C(C)C%44=C(CCCC%44)CC%43%41CC(C)=CC%42%39CC(C)=CC%40%37CC(C)=CC%38%35CC(C)=CC%36%33CC(C)=CC%34%31CC(C)=CC%29%32CC(C)=CC%27%30CC(C)=CC%25%28CC(C)=CC%23%26CC(C)=CC%20%24CC(C)=CC%19%21C=C%22C)cc%18%17)C(C)C%15CC=CC%16%13CC(C)=CC%14%11CC(C)=CC7%12CC(C)=CC68C=C9C)c5cc4CC%10)cc3C)C(C)C=C2C(=O)C1,-5.42,-3.94,-5.9487,-4.172,,,0,0,-0.5287,-0.232,0.27952369,0.053824
CCCCCCC1=CC=C(C2(C3=CC=C(CCCCCC)C=C3)C(C(SC(C(C=C(OC)C(/C=C(C#N)/C#N)=C4)=C4OC)=C5)=C5S6)=C6C7=CC8=C(C(SC9=C%10SC(C(C=C(OC)C(/C=C(C#N)/C#N)=C%11)=C%11OC)=C9)=C%10C8(C%12=CC=C(CCCCCC)C=C%12)C%13=CC=C(CCCCCC)C=C%13)C=C27)C=C1,C.C.C.C.C.C.C.C.C.C.C.C.C.C.C.C.C.C.C.C.C.C.C.C.C.C.C.C.C.C.C.C.C.C.C.C.C.C.C.C.C.C.C.C.C.C.C.C.C.C.C.C.C.C.C.C.C.C.C.C.C.C.C.C.C.C.C.C.C.C.C.C.C.C.C.C.C.C.C.C.C.C.C.C.C.C.C.C.C.C.C.C.C.C.C.C.C.C.C.C.C.C.C.C.C.C.C.C.C.C.C.C.C.C.C.C.C.C.C.C.C.C=C.C=C.C=C.C=C.C=C.C=C.C=C.C=C.C=C.C=C.C=C.C=C.C=C.C=C.C=C.C=C.C=C.C=C.C=C.C=C.C=C.C=C.C=C.C=C.C=C.C=C.C=C.C=C.C=C.C=C.C=C.C=C.C=C1Cc2c(cc(C)c3c2C=C(C)C2C4=C(C=CC32C)C=C(C)C2C=Cc3c(C)cc5ccc6c(c5c3C42)C=CC2c3cc(C)c4c(cc(C)c5c(C)cc7ccc8c(ccc9c(C)cc%10ccc%11c%12cc%13c(cc%12c(C)cc%11c%10c98)CCc8c(C)cc9c(ccc%10c9ccc9c%10ccc%10c9ccc9c%10ccc%10c9ccc9c%10ccc%10c9ccc9c%10ccc%10c9ccc9c%11ccc%12c%14ccc%15c%16ccc%17c%18ccc%19c%20cc%21c(cc%20ccc%19c%18ccc%17c%16ccc%15c%14ccc%12c%11ccc9%10)C9C(C)C=CC%10C%11=C(C(C)=CC%109C=C%21)C9%10c%12ccc%14c(c%12C=CC9CC=CC%10c9c%11c(C)cc%10c9c9c(c%11ccccc%11%10)C=CC%10CC=c%11ccc%12c%15c(c(C)cc%12c%11=C9%10)C=CCC%159C(C%10C=C%11C=CCC(CCCCCC)C%11=CC%10C)=CC=C(C)C9C)CCC=C%14)c8-%13)c7c54)c3C=CC62C)-c2ccc(C)cc21.S.S,-5.98,-3.81,-5.8641,-3.9788,,,0,0,0.1159,-0.1688,0.01343281,0.02849344
CCCCCCC1(C2=CC(C(SC(/C=C(C3=O)/C(C4=CC(Cl)=C(Cl)C=C34)=C(C#N)\C#N)=C5)=C5C6(CCCCCC)CCCCCC)=C6C=C2C7=C1C=C(/C=C(C8=O)/C(C9=CC(Cl)=C(Cl)C=C89)=C(C#N)\C#N)S7)CCCCCC,C.C.C.C.C.C.C.C.C.C.C.C.C.C.C.C.C.C.C.C.C.C.C.C.C.C.C.C.C.C.C.C.C.C.C.C.C.C.C.C.C.C.C.C.C.C.C.C.C.C.C.C.C.C.C.C.C.C.C.C.C.C.C.C.C.C.C.C.C.C.C.C.C.C.C.C.C.C.C.C.C.C.C.C.C.C.C.C.C.C.C.C.C.C.C.C.C.C.C.C.C.C.C.C.C.C.C.C.C.C.C.C.C.C.C.C.C.C.C=C.C=C.C=C.C=C.C=C.C=C.C=C.C=C.C=C.C=C.C=C.C=C.C=C.C=C.C=C.C=C.C=C.C=C.C=C.C=C.C=C.C=C.C=C.C=C.C=C.C=C.C=C.C=C.C=C.C=C.C=C.C=C.C=C.C=C.C=C.C=C.C=C1Cc2c(C)cc3c(ccc4c3ccc3c4ccc4c3ccc3c4ccc4c3ccc3c4ccc4c3ccc3c4ccc4c5ccc6c7ccc8c9ccc%10c%11ccc%12c%13ccc%14c(c%13ccc%12c%11ccc%10c9ccc8c7ccc6c5ccc34)C=CC3CC=CC4C5=C(C(C)=CC%1434)C34c6ccc7ccccc7c6C=CC3CC=CC4c3c5c(C)cc4c5ccccc5c5ccc6c7ccc8ccc9c(c8c7ccc6c5c34)C3(CC=C9)C(C4C=C5C=CCC(=O)C5=CC4C)=CC=C(C)C3C)c2-c2c(C)cc3c(c(C)cc4c3ccc3cc(C)c5ccc6c(ccc7cc(C)c8c(C)cc9c%10c(cc(C)c9c8c76)C6C=Cc7c(ccc8cc(C)c9ccc%11c(ccc%12cc(C)c%13c(c%12%11)C%11c%12cc(C)c%14ccc(=CC)c(=C)c%14c%12C=CC%11C=C%13)c9c78)C6(C)C=C%10)c5c34)c21.S.S,-4.01,-5.81,-5.9623,-4.0286,-1.9523,1.7814,3.81147529,3.17338596,,,0,0
,,,,,,,,1.508248458,0.602452833,,,0.11191395,0.089316597