original,reconstructed,org_homo,org_lumo,homo,lumo,Testing,,,,Training,,,
O=C(N1CC(CCCC)CCCCCC)/C(C2=CC=C(C(SC(/C=C(C3=O)/C(C4=CC=CC=C34)=C(C#N)\C#N)=C5)=C5CC(CCCC)CCCCCC)C=C12)=C6C7=CC=C(C(SC(/C=C(C8=O)/C(C9=CC=CC=C89)=C(C#N)\C#N)=C%10)=C%10CC(CCCC)CCCCCC)C=C7N(CC(CCCC)CCCCCC)C\6=O,CCCCCCc1ccc(C2=C3C=C(C=C4C(=O)C(=C(C#N)C#N)c5cc(Cl)c(Cl)cc54)SC3c3sc4c(-c5cc(CC(CC)CCCC)c(Cl)s5)c5c(c(-c6ccc(CC(CC)CCCC)s6)c4c32)SC2C5=Cc3sc(C=C4C(=O)CCC4=Cc4cc5c(s4)C=C4c6c(cc7c8c(sc7c6-c6cc(CC(CC)CCCC)c(Cl)s6)C6SC(C=C7C(=O)C(=C(C#N)C#N)c9ccccc97)=CC6=C8)SC45)cc32)cc1,-5.99,-3.95,-5.2511,-3.6156,,,0,0,0.7389,0.3344,0.54597321,0.11182336
CCCCCCCCC1=C2C(C(C3=CC=C(CCCCCC)C=C3)(C4=CC=C(CCCCCC)C=C4)C5=C6SC(/C=C(C7=O)\C(C8=CC(Cl)=C(Cl)C=C78)C(C#N)C#N)=C5)=C6SC2=C(CCCCCCCC)C9=C1SC%10=C9C(C%11=CC=C(CCCCCC)C=C%11)(C%12=CC=C(CCCCCC)C=C%12)C%13=C%10SC(/C=C(C%14=O)/C(C%15=CC(Cl)=C(Cl)C=C%14%15)=C(C#N)/C#N)=C%13,CCCCCCc1ccc(C2=C3C=C(C=C4C(=O)C(=C(C#N)C#N)c5cc(Cl)c(Cl)cc54)SC3c3sc4c(-c5cc(CC(CC)CCCC)c(Cl)s5)c5c(c(-c6ccc(CC(CC)CCCC)s6)c4c32)SC2C5=Cc3sc(C=C4C(=O)CCC4=Cc4cc5c(s4)C=C4c6c(cc7c8c(sc7c6-c6cc(CC(CC)CCCC)c(Cl)s6)C6SC(C=C7C(=O)C(=C(C#N)C#N)c9ccccc97)=CC6=C8)SC45)cc32)cc1,-5.6,-4.02,-5.2521,-3.6297,,,0,0,0.3479,0.3903,0.12103441,0.15233409
CCCCCCC1=CC=C(C2(C3=CC=C(CCCCCC)C=C3)C4=CC(C(SC(C5=CC(C6(CCCCCCCC)CCCCCCCC)=C(C7=C6C=C(/C=C(C8=O)/C(C9=CC(Cl)=C(Cl)C=C89)=C(C#N)/C#N)S7)S5)=C%10)=C%10C%11(C%12=CC=C(CCCCCC)C=C%12)C%13=CC=C(CCCCCC)C=C%13)=C%11C=C4C%14=C2C=C(C%15=CC(C%16(CCCCCCCC)CCCCCCCC)=C(C%17=C%16C=C(/C=C(C%18=O)/C(C%19=CC(Cl)=C(Cl)C=C%18%19)=C(C#N)\C#N)S%17)S%15)S%14)C=C1,CCCCCCc1ccc(C2=C3C=C(C=C4C(=O)C(=C(C#N)C#N)c5cc(Cl)c(Cl)cc54)SC3c3sc4c(-c5cc(CC(CC)CCCC)c(Cl)s5)c5c(c(-c6ccc(CC(CC)CCCC)s6)c4c32)SC2C5=Cc3sc(C=C4C(=O)CCC4=Cc4cc5c(s4)C=C4c6c(cc7c8c(sc7c6-c6cc(CC(CC)CCCC)c(Cl)s6)C6SC(C=C7C(=O)C(=C(C#N)C#N)c9ccccc97)=CC6=C8)SC45)cc32)cc1,-5.5,-3.79,-5.3199,-3.6667,0.1801,0.1233,0.03243601,0.01520289,,,0,0
O=C1C(/C(C2=CSC=C12)=C(C#N)\C#N)=C/C3=CC(C(C4=CC=C(CCCCCC)C=C4)(C5=CC=C(CCCCCC)C=C5)C6=CC7=C(C(C8=CC=C(CCCCCC)C=C8)(C9=CC=C(CCCCCC)C=C9)C%10=C7SC(/C=C(C%11=O)/C(C%12=CSC=C%11%12)=C(C#N)\C#N)=C%10)C=C%136)=C%13S3,CCCCCCc1ccc(C2=C3C=C(C=C4C(=O)C(=C(C#N)C#N)c5cc(Cl)c(Cl)cc54)SC3c3sc4c(-c5cc(CC(CC)CCCC)c(Cl)s5)c5c(c(-c6ccc(CC(CC)CCCC)s6)c4c32)SC2C5=Cc3sc(C=C4C(=O)CCC4=Cc4cc5c(s4)C=C4c6c(cc7c8c(sc7c6-c6cc(CC(CC)CCCC)c(Cl)s6)C6SC(C=C7C(=O)C(=C(C#N)C#N)c9ccccc97)=CC6=C8)SC45)cc32)cc1,-5.87,-3.92,-5.2705,-3.6164,0.5995,0.3036,0.35940025,0.09217296,,,0,0
O=C1C(/C(C2=CSC=C12)=C(C#N)\C#N)=C/C3=CC4=C(C(C(C5=CC=C(CCCCCC)C=C5)(C6=CC=C(CCCCCC)C=C6)C7=CC(C(SC(/C=C(C8=O)/C(C9=CSC=C89)=C(C#N)\C#N)=C%10)=C%10C%11(C%12=CC=C(CCCCCC)C=C%12)C%13=CC=C(CCCCCC)C=C%13)=C%11C=C%147)=C%14S4)S3,CCCCCCc1ccc(C2=C3C=C(C=C4C(=O)C(=C(C#N)C#N)c5cc(Cl)c(Cl)cc54)SC3c3sc4c(-c5cc(CC(CC)CCCC)c(Cl)s5)c5c(c(-c6ccc(CC(CC)CCCC)s6)c4c32)SC2C5=Cc3sc(C=C4C(=O)CCC4=Cc4cc5c(s4)C=C4c6c(cc7c8c(sc7c6-c6cc(CC(CC)CCCC)c(Cl)s6)C6SC(C=C7C(=O)C(=C(C#N)C#N)c9ccccc97)=CC6=C8)SC45)cc32)cc1,-5.68,-3.97,-5.2691,-3.609,0.4109,0.361,0.16883881,0.130321,,,0,0
O=C1C(/C(C2=CSC=C12)=C(C#N)\C#N)=C/C3=CC4C(C(C(C5=CC=C(CCCCCC)C=C5)(C6=CC=C(CCCCCC)C=C6)C7=CC(C(SC8=C9SC(/C=C(C%10=O)/C(C%11=CSC=C%10%11)=C(C#N)\C#N)=C8)=C9C%12(C%13=CC=C(CCCCCC)C=C%13)C%14=CC=C(CCCCCC)C=C%14)=C%12C=C%157)=C%15S4)S3,CCCCCCc1ccc(C2=C3C=C(C=C4C(=O)C(=C(C#N)C#N)c5cc(Cl)c(Cl)cc54)SC3c3sc4c(-c5cc(CC(CC)CCCC)c(Cl)s5)c5c(c(-c6ccc(CC(CC)CCCC)s6)c4c32)SC2C5=Cc3sc(C=C4C(=O)CCC4=Cc4cc5c(s4)C=C4c6c(cc7c8c(sc7c6-c6cc(CC(CC)CCCC)c(Cl)s6)C6SC(C=C7C(=O)C(=C(C#N)C#N)c9ccccc97)=CC6=C8)SC45)cc32)cc1,-5.61,-3.96,-5.2717,-3.6162,,,0,0,0.3383,0.3438,0.11444689,0.11819844
O=C(C(/C1=C(C#N)/C#N)=C\C2=CC(C(C3=CC=C(CCCCCC)C=C3)(C4=CC=C(CCCCCC)C=C4)C5=C6SC7=C5C(C8=CC=C(CC(CC)CCCC)S8)=C(SC9=C%10C(C%11=CC=C(CCCCCC)C=C%11)(C%12=CC=C(CCCCCC)C=C%12)C%13=C9SC(/C=C%14\C(C(C=CC=C%15)=C%15C%14=O)=C(C#N)\C#N)=C%13)C%10=C7C%16=CC=C(CC(CC)CCCC)S%16)=C6S2)C%17=C1C=CC=C%17,CCCCCCc1ccc(C2=C3C=C(C=C4C(=O)C(=C(C#N)C#N)c5cc(Cl)c(Cl)cc54)SC3c3sc4c(-c5cc(CC(CC)CCCC)c(Cl)s5)c5c(c(-c6ccc(CC(CC)CCCC)s6)c4c32)SC2C5=Cc3sc(C=C4C(=O)CCC4=Cc4cc5c(s4)C=C4c6c(cc7c8c(sc7c6-c6cc(CC(CC)CCCC)c(Cl)s6)C6SC(C=C7C(=O)C(=C(C#N)C#N)c9ccccc97)=CC6=C8)SC45)cc32)cc1,-5.59,-3.91,-5.2539,-3.5775,,,0,0,0.3361,0.3325,0.11296321,0.11055625
CCCCCCC1=CC=C(S1)C2(C(S3)=CC=C3CCCCCC)C(C(SC(/C=C(C4=O)/C(C5=CSC=C45)=C(C#N)\C#N)=C6)=C6S7)=C7C8=CC9=C(C(SC(/C=C(C%10=O)/C(C%11=CSC=C%10%11)=C(C#N)\C#N)=C%12)=C%12C9(C(S%13)=CC=C%13CCCCCC)C(S%14)=CC=C%14CCCCCC)C=C28,CCCCCCc1ccc(C2=C3C=C(C=C4C(=O)C(=C(C#N)C#N)c5cc(Cl)c(Cl)cc54)SC3c3sc4c(-c5cc(CC(CC)CCCC)c(Cl)s5)c5c(c(-c6ccc(CC(CC)CCCC)s6)c4c32)SC2C5=Cc3sc(C=C4C(=O)CCC4=Cc4cc5c(s4)C=C4c6c(cc7c8c(sc7c6-c6cc(CC(CC)CCCC)c(Cl)s6)C6SC(C=C7C(=O)C(=C(C#N)C#N)c9ccccc97)=CC6=C8)SC45)cc32)cc1,-5.71,-4.01,-5.3263,-3.6704,,,0,0,0.3837,0.3396,0.14722569,0.11532816
CCCCCCC1=CC=C(C=C1)C2(C(C=C3)=CC=C3CCCCCC)C(C(SC(/C=C(C4=O)/C(C5=CC=CC=C45)=C(C#N)\C#N)=C6)=C6S7)=C7C8=CC9=C(C(SC(/C=C(C%10=O)/C(C%11=CC=CC=C%10%11)=C(C#N)\C#N)=C%12)=C%12C9(C(C=C%13)=CC=C%13CCCCCC)C(C=C%14)=CC=C%14CCCCCC)C=C28,CCCCCCc1ccc(C2=C3C=C(C=C4C(=O)C(=C(C#N)C#N)c5cc(Cl)c(Cl)cc54)SC3c3sc4c(-c5cc(CC(CC)CCCC)c(Cl)s5)c5c(c(-c6ccc(CC(CC)CCCC)s6)c4c32)SC2C5=Cc3sc(C=C4C(=O)CCC4=Cc4cc5c(s4)C=C4c6c(cc7c8c(sc7c6-c6cc(CC(CC)CCCC)c(Cl)s6)C6SC(C=C7C(=O)C(=C(C#N)C#N)c9ccccc97)=CC6=C8)SC45)cc32)cc1,-5.6,-3.87,-5.33,-3.6464,,,0,0,0.27,0.2236,0.0729,0.04999696
O=C1C(/C(C2=CC(Cl)=C(Cl)C=C12)=C(C#N)/C#N)=C/C3=CC(C(C4=CC=C(CCCCCC)C=C4)(C5=CC=C(CCCCCC)C=C5)C6=C7SC8=C(C9=CC=C(CC(CC)CCCC)S9)C%10=C(SC%11=C%10C(C%12=CC=C(CCCCCC)C=C%12)(C%13=CC=C(CCCCCC)C=C%13)C%14=C%11SC(/C=C(C%15=O)/C(C%16=CC(Cl)=C(Cl)C=C%15%16)=C(C#N)/C#N)=C%14)C(C%17=CC=C(CC(CC)CCCC)S%17)=C68)=C7S3,CCCCCCc1ccc(C2=C3C=C(C=C4C(=O)C(=C(C#N)C#N)c5cc(Cl)c(Cl)cc54)SC3c3sc4c(-c5cc(CC(CC)CCCC)c(Cl)s5)c5c(c(-c6ccc(CC(CC)CCCC)s6)c4c32)SC2C5=Cc3sc(C=C4C(=O)CCC4=Cc4cc5c(s4)C=C4c6c(cc7c8c(sc7c6-c6cc(CC(CC)CCCC)c(Cl)s6)C6SC(C=C7C(=O)C(=C(C#N)C#N)c9ccccc97)=CC6=C8)SC45)cc32)cc1,-5.67,-3.9,-5.2537,-3.6199,,,0,0,0.4163,0.2801,0.17330569,0.07845601
O=C1C(/C(C2=CC(Cl)=C(Cl)C=C12)=C(C#N)/C#N)=C/C3=CC(C(C4=CC=C(CCCCCC)C=C4)(C5=CC=C(CCCCCC)C=C5)C6=C7SC8=C(C9=CC(F)=C(CC(CC)CCCC)S9)C%10=C(SC%11=C%10C(C%12=CC=C(CCCCCC)C=C%12)(C%13=CC=C(CCCCCC)C=C%13)C%14=C%11SC(/C=C(C%15=O)/C(C%16=CC(Cl)=C(Cl)C=C%15%16)=C(C#N)/C#N)=C%14)C(C%17=CC(F)=C(CC(CC)CCCC)S%17)=C68)=C7S3,CCCCCCc1ccc(C2=C3C=C(C=C4C(=O)C(=C(C#N)C#N)c5cc(Cl)c(Cl)cc54)SC3c3sc4c(-c5cc(CC(CC)CCCC)c(Cl)s5)c5c(c(-c6ccc(CC(CC)CCCC)s6)c4c32)SC2C5=Cc3sc(C=C4C(=O)CCC4=Cc4cc5c(s4)C=C4c6c(cc7c8c(sc7c6-c6cc(CC(CC)CCCC)c(Cl)s6)C6SC(C=C7C(=O)C(=C(C#N)C#N)c9ccccc97)=CC6=C8)SC45)cc32)cc1,-5.7,-3.91,-5.2547,-3.6042,,,0,0,0.4453,0.3058,0.19829209,0.09351364
O=C1C(/C(C2=CC(Cl)=C(Cl)C=C12)=C(C#N)\C#N)=C/C3=CC(C(C4=CC=C(CCCCCC)C=C4)(C5=CC=C(CCCCCC)C=C5)C6=C7SC8=C(C9=CC(Cl)=C(CC(CC)CCCC)S9)C%10=C(SC%11=C%10C(C%12=CC=C(CCCCCC)C=C%12)(C%13=CC=C(CCCCCC)C=C%13)C%14=C%11SC(/C=C(C%15=O)/C(C%16=CC(Cl)=C(Cl)C=C%15%16)=C(C#N)/C#N)=C%14)C(C%17=CC(Cl)=C(CC(CC)CCCC)S%17)=C68)=C7S3,CCCCCCc1ccc(C2=C3C=C(C=C4C(=O)C(=C(C#N)C#N)c5cc(Cl)c(Cl)cc54)SC3c3sc4c(-c5cc(CC(CC)CCCC)c(Cl)s5)c5c(c(-c6ccc(CC(CC)CCCC)s6)c4c32)SC2C5=Cc3sc(C=C4C(=O)CCC4=Cc4cc5c(s4)C=C4c6c(cc7c8c(sc7c6-c6cc(CC(CC)CCCC)c(Cl)s6)C6SC(C=C7C(=O)C(=C(C#N)C#N)c9ccccc97)=CC6=C8)SC45)cc32)cc1,-5.72,-3.92,-5.2522,-3.6181,,,0,0,0.4678,0.3019,0.21883684,0.09114361
CCC(CCCC)COC1=C2C(C(C3=CC=C(CCCCCC)C=C3)(C4=CC=C(CCCCCC)C=C4)C5=C6SC(/C=C7C8=NC(C#N)=C(C#N)N=C8C9=CC=CC=C\79)=C5)=C6SC2=C(OCC(CC)CCCC)C%10=C1SC%11=C%10C(C%12=CC=C(CCCCCC)C=C%12)(C%13=CC=C(CCCCCC)C=C%13)C%14=C%11SC(/C=C%15C%16=NC(C#N)=C(C#N)N=C%16C%17=CC=CC=C/%15%17)=C%14,CCCCCCc1ccc(C2=C3C=C(C=C4C(=O)C(=C(C#N)C#N)c5cc(Cl)c(Cl)cc54)SC3c3sc4c(-c5cc(CC(CC)CCCC)c(Cl)s5)c5c(c(-c6ccc(CC(CC)CCCC)s6)c4c32)SC2C5=Cc3sc(C=C4C(=O)CCC4=Cc4cc5c(s4)C=C4c6c(cc7c8c(sc7c6-c6cc(CC(CC)CCCC)c(Cl)s6)C6SC(C=C7C(=O)C(=C(C#N)C#N)c9ccccc97)=CC6=C8)SC45)cc32)cc1,-5.47,-3.79,-5.2434,-3.6149,,,0,0,0.2266,0.1751,0.05134756,0.03066001
CCC(CCCC)COC1=C2C(C(C3=CC=C(CCCCCC)C=C3)(C4=CC=C(CCCCCC)C=C4)C5=C6SC(/C=C(C7=O)\C(C8=CC=CC=C78)=C(C#N)\C#N)=C5)=C6SC2=C(OCC(CC)CCCC)C9=C1SC%10=C9C(C%11=CC=C(CCCCCC)C=C%11)(C%12=CC=C(CCCCCC)C=C%12)C%13=C%10SC(/C=C(C%14=O)/C(C%15=CC=CC=C%14%15)=C(C#N)/C#N)=C%13,CCCCCCc1ccc(C2=C3C=C(C=C4C(=O)C(=C(C#N)C#N)c5cc(Cl)c(Cl)cc54)SC3c3sc4c(-c5cc(CC(CC)CCCC)c(Cl)s5)c5c(c(-c6ccc(CC(CC)CCCC)s6)c4c32)SC2C5=Cc3sc(C=C4C(=O)CCC4=Cc4cc5c(s4)C=C4c6c(cc7c8c(sc7c6-c6cc(CC(CC)CCCC)c(Cl)s6)C6SC(C=C7C(=O)C(=C(C#N)C#N)c9ccccc97)=CC6=C8)SC45)cc32)cc1,-5.39,-3.87,-5.2505,-3.5861,0.1395,0.2839,0.01946025,0.08059921,,,0,0
C1(C2=C/3C=CC=C2)=CC=CC=C1C3=C4C5=C(C=CC=C5)C6=CC=CC=C6\4,O=C1CNCC12CCCC2c1ccccc1,-5.58,-3.37,-5.3855,-3.3383,,,0,0,0.1945,0.0317,0.03783025,0.00100489
COC1=CC=C2C(C3=CC(OC)=CC=C3/C2=C4C5=CC=C(OC)C=C5C6=CC(OC)=CC=C\46)=C1,COc1cc(OC)c(OC)cc1C=Cc1ccc(C=C2C(OC)C(=C(C#N)C(=O)C(=O)C=O)CC2c2ccccc2)s1,-5.11,-3.11,-5.0511,-3.2541,,,0,0,0.0589,-0.1441,0.00346921,0.02076481
CCCCCCCCCCCCCCOC1=CC=C2C(C3=CC(OCCCCCCCCCCCCCC)=CC=C3/C2=C4C5=CC=C(OCCCCCCCCCCCCCC)C=C5C6=CC(OCCCCCCCCCCCCCC)=CC=C\46)=C1,O=C1C(=Cc2cc3c(s2)C(Cl)=C2c4c(c(-c5ccc(Cl)s5)c(-c5ccc(Cl)s5)c(-c5ccc(Cl)s5)c4-c4ccc(Cl)s4)SC23)C(=Cc2cc3c(s2)C(Cl)=C2c4c(c(-c5ccc(Cl)s5)c(-c5ccc(Cl)s5)c(-c5ccc(Cl)s5)c4-c4ccc(Cl)s4)SC23)C(=Cc2cc3c(s2)C(Cl)=C2c4c(c(-c5ccc(Cl)s5)c(-c5ccc(Cl)s5)c(-c5ccc(Cl)s5)c4-c4ccc(Cl)s4)SC23)C1=Cc1cc2c(s1)C(Cl)=C1c3c(c(-c4ccc(Cl)s4)c(-c4ccc(Cl)s4)c(-c4ccc(Cl)s4)c3-c3ccc(Cl)s3)SC12,-5.06,-3.09,-4.9895,-3.3964,,,0,0,0.0705,-0.3064,0.00497025,0.09388096
C1(/C2=CC3=CC=CC=C3C=C2C4=CC5=CC=CC=C5C=C14)=C6C7=CC=CC=C7C8=CC=CC=C\68,CC1C(=O)C2(CNC2)C2(CNC2)C12CNC2,-5.41,-3.36,-1.7808,-0.7406,3.6292,2.6194,13.17109264,6.86125636,,,0,0
COC1=CC=C2C(C3=CC(OC)=CC=C3/C2=C4C5=CC6=CC=CC=C6C=C5C7=CC8=CC=CC=C8C=C\47)=C1,O=CC(=O)C(=O)C(C=O)N1CC2(C(=O)C1=O)C(=Cc1ccc(C=C3C(=O)c4ccccc4C3=O)s1)C(c1ccccc1)c1ccccc12,-5.17,-3.24,-5.3593,-3.475,,,0,0,-0.1893,-0.235,0.03583449,0.055225
C1(/C2=CC3=CC=CC=C3C=C2C4=C1C=C(C=CC=C5)C5=C4)=C6C7=CC8=CC=CC=C8C=C7C9=C\6C=C(C=CC=C%10)C%10=C9,CCC1C(=O)C2(CNC2)C2(CNC2)C12CNC2,-5.25,-3.35,-0.6893,-0.18,4.5607,3.17,20.79998449,10.0489,,,0,0
COC1=CC=C2C(/C(C3=CC(OC)=CC=C23)=C4C5=CC(OC)=CC=C5C6=CC=C(OC)C=C/46)=C1,CCCCCCC(C[SiH3])C1=C2C(C=O)=C(C3=C(C4=C(C=O)C5=C(C(C[SiH3])CCCCCC)N(C)C(=O)C5N4)C4(CS3)CC(c3ccc(OC)cc3)(c3ccc(OC)cc3)c3cc(-c5ccc(-c6ccc(C=C(C#N)C(=O)C(=O)C#N)s6)s5)c(OC)cc34)NC2C(=O)N1C,-5.38,-3.39,-4.757,-3.0838,,,0,0,0.623,0.3062,0.388129,0.09375844
CCC(CCCC)CN1C(C(C(C2=CC=C(CCCCCC)C=C2)(C3=CC=C(CCCCCC)C=C3)C4=CC(C(SC(/C=C(C5=O)/C(C6=CC=CC=C56)=C(C#N)/C#N)=C7)=C7C8(C9=CC=C(CCCCCC)C=C9)C%10=CC=C(CCCCCC)C=C%10)=C8C=C%114)=C%11S%12)=C%12C%13=C1C=C(/C=C(C%14=O)/C(C%15=CC=CC=C%14%15)=C(C#N)\C#N)S%13,CCCCCCc1ccc(C2=C3C=C(C=C4C(=O)C(=C(C#N)C#N)c5cc(Cl)c(Cl)cc54)SC3c3sc4c(-c5cc(CC(CC)CCCC)c(Cl)s5)c5c(c(-c6ccc(CC(CC)CCCC)s6)c4c32)SC2C5=Cc3sc(C=C4C(=O)CCC4=Cc4cc5c(s4)C=C4c6c(cc7c8c(sc7c6-c6cc(CC(CC)CCCC)c(Cl)s6)C6SC(C=C7C(=O)C(=C(C#N)C#N)c9ccccc97)=CC6=C8)SC45)cc32)cc1,-5.3,-3.85,-5.249,-3.5931,0.051,0.2569,0.002601,0.06599761,,,0,0
CCC(CCCC)CN1C(C(C(C2=CC=C(CCCCCC)C=C2)(C3=CC=C(CCCCCC)C=C3)C4=CC(C(SC(/C=C(C5=O)\C(C6=CC=C(Cl)C=C56)=C(C#N)\C#N)=C7)=C7C8(C9=CC=C(CCCCCC)C=C9)C%10=CC=C(CCCCCC)C=C%10)=C8C=C%114)=C%11S%12)=C%12C%13=C1C=C(/C=C(C%14=O)/C(C%15=CC=C(Cl)C=C%14%15)=C(C#N)/C#N)S%13,CCCCCCc1ccc(C2=C3C=C(C=C4C(=O)C(=C(C#N)C#N)c5cc(Cl)c(Cl)cc54)SC3c3sc4c(-c5cc(CC(CC)CCCC)c(Cl)s5)c5c(c(-c6ccc(CC(CC)CCCC)s6)c4c32)SC2C5=Cc3sc(C=C4C(=O)CCC4=Cc4cc5c(s4)C=C4c6c(cc7c8c(sc7c6-c6cc(CC(CC)CCCC)c(Cl)s6)C6SC(C=C7C(=O)C(=C(C#N)C#N)c9ccccc97)=CC6=C8)SC45)cc32)cc1,-5.36,-3.92,-5.2469,-3.6098,0.1131,0.3102,0.01279161,0.09622404,,,0,0
CCC(CCCC)CN1C(C(C(C2=CC=C(CCCCCC)C=C2)(C3=CC=C(CCCCCC)C=C3)C4=CC(C(SC(/C=C(C5=O)/C(C6=CC(Cl)=C(Cl)C=C56)=C(C#N)/C#N)=C7)=C7C8(C9=CC=C(CCCCCC)C=C9)C%10=CC=C(CCCCCC)C=C%10)=C8C=C%114)=C%11S%12)=C%12C%13=C1C=C(/C=C(C%14=O)/C(C%15=CC(Cl)=C(Cl)C=C%14%15)=C(C#N)\C#N)S%13,CCCCCCc1ccc(C2=C3C=C(C=C4C(=O)C(=C(C#N)C#N)c5cc(Cl)c(Cl)cc54)SC3c3sc4c(-c5cc(CC(CC)CCCC)c(Cl)s5)c5c(c(-c6ccc(CC(CC)CCCC)s6)c4c32)SC2C5=Cc3sc(C=C4C(=O)CCC4=Cc4cc5c(s4)C=C4c6c(cc7c8c(sc7c6-c6cc(CC(CC)CCCC)c(Cl)s6)C6SC(C=C7C(=O)C(=C(C#N)C#N)c9ccccc97)=CC6=C8)SC45)cc32)cc1,-5.35,-3.97,-5.2451,-3.6174,0.1049,0.3526,0.01100401,0.12432676,,,0,0
CCCCCCC1=CC=C(C=C1)C(C2=CC(C(SC3=C4SC5=C3C(C=C6C7=O)=C8C9=C5C=C%10C%11=C9C(C%12=CC=C(C(N7C(CCCCC)CCCCC)=O)C6=C%128)=CC=C%11C(N(C%10=O)C(CCCCC)CCCCC)=O)=C4C%13(C%14=CC=C(CCCCCC)C=C%14)C%15=CC=C(CCCCCC)C=C%15)=C%13C=C%162)(C%17=CC=C(CCCCCC)C=C%17)C%18=C%16SC%19=C%18SC%20=C%19C%21=C%22C%23=C(C%24=CC=C%23C%25=CC=C(C%26=O)C%27=C%25C%22=C%20C=C%27C(N%26C(CCCCC)CCCCC)=O)C(C(N(C%24=O)C(CCCCC)CCCCC)=O)=C%21,CCCCCCc1ccc(C2=C3C=C(C=C4C(=O)C(=C(C#N)C#N)c5cc(Cl)c(Cl)cc54)SC3c3sc4c(-c5cc(CC(CC)CCCC)c(Cl)s5)c5c(c(-c6ccc(CC(CC)CCCC)s6)c4c32)SC2C5=Cc3sc(C=C4C(=O)CCC4=Cc4cc5c(s4)C=C4c6c(cc7c8c(sc7c6-c6cc(CC(CC)CCCC)c(Cl)s6)C6SC(C=C7C(=O)C(=C(C#N)C#N)c9ccccc97)=CC6=C8)SC45)cc32)cc1,-5.58,-3.87,-5.3219,-3.6555,0.2581,0.2145,0.06661561,0.04601025,,,0,0
O=C1C(/C(C2=CC=CC=C12)=C(C#N)/C#N)=C/C3=CC(C(C4=CC=C(CCCCCC)C=C4)(C5=CC=C(CCCCCC)C=C5)C6=C7SC8=CC9=C(SC%10=C9C(C%11=CC=C(CCCCCC)C=C%11)(C%12=CC=C(CCCCCC)C=C%12)C%13=C%10SC(/C=C(C%14=O)/C(C%15=CC=CC=C%14%15)=C(C#N)/C#N)=C%13)C=C68)=C7S3,CCCCCCc1ccc(C2=C3C=C(C=C4C(=O)C(=C(C#N)C#N)c5cc(Cl)c(Cl)cc54)SC3c3sc4c(-c5cc(CC(CC)CCCC)c(Cl)s5)c5c(c(-c6ccc(CC(CC)CCCC)s6)c4c32)SC2C5=Cc3sc(C=C4C(=O)CCC4=Cc4cc5c(s4)C=C4c6c(cc7c8c(sc7c6-c6cc(CC(CC)CCCC)c(Cl)s6)C6SC(C=C7C(=O)C(=C(C#N)C#N)c9ccccc97)=CC6=C8)SC45)cc32)cc1,-5.4,-3.83,-5.2753,-3.6107,,,0,0,0.1247,0.2193,0.01555009,0.04809249
O=C(N1CC(CC)CCCC)C2=C(C3=CC=C(C4=CC=C(C(N5CC(CC)CCCC)=O)C6=C4C=CC=C6C5=O)S3)C7=NSN=C7C(C8=CC=C(C9=CC=C(C(N%10CC(CC)CCCC)=O)C%11=C9C=CC=C%11C%10=O)S8)=C2C1=O,CCCCC(CC=O)CNCCCCCCCCCCOc1cccc2c1C(=O)C(=C(C#N)C#N)N2C,-5.62,-3.65,-4.9004,-3.332,0.7196,0.318,0.51782416,0.101124,,,0,0
O=C(N(C1=O)C(CCCCCC)CCCCCC)C2=CC(C3=CC=C4C(C5(C6=CC(C7=C(C8=CC=C(C(N9C(CCCCCC)CCCCCC)=O)C%10=C8C%11=CC=C%10C9=O)C(C%11=CC=C%12C%13=O)=C%12C(C(N%13C(CCCCCC)CCCCCC)=O)=C7)=CC=C46)C%14=CC(C%15=C(C%16=CC=C(C(N%17C(CCCCCC)CCCCCC)=O)C%18=C%16C%19=CC=C%18C%17=O)C(C%19=CC=C%20C%21=O)=C%20C(C(N%21C(CCCCCC)CCCCCC)=O)=C%15)=CC=C%14C%22=CC=C(C%23=C(C%24=CC=C(C(N%25C(CCCCCC)CCCCCC)=O)C%26=C%24C%27=CC=C%26C%25=O)C(C%27=CC=C%28C%29=O)=C%28C(C(N%29C(CCCCCC)CCCCCC)=O)=C%23)C=C5%22)=C3)=C%30C%31=C2C1=CC=C%31C%32=CC=C(C%33=O)C%34=C%32C%30=CC=C%34C(N%33C(CCCCCC)CCCCCC)=O,CCCCCCc1ccc(C2=C3C=C(C=C4C(=O)C(=C(C#N)C#N)c5cc(Cl)c(Cl)cc54)SC3c3sc4c(-c5cc(CC(CC)CCCC)c(Cl)s5)c5c(c(-c6ccc(CC(CC)CCCC)s6)c4c32)SC2C5=Cc3sc(C=C4C(=O)CCC4=Cc4cc5c(s4)C=C4c6c(cc7c8c(sc7c6-c6cc(CC(CC)CCCC)c(Cl)s6)C6SC(C=C7C(=O)C(=C(C#N)C#N)c9ccccc97)=CC6=C8)SC45)cc32)cc1,-5.97,-3.78,-5.2294,-3.5882,0.7406,0.1918,0.54848836,0.03678724,,,0,0
O=C(N1CC(CCCC)CCCCCC)/C(C2=CC=C(C3=C(CC(CCCC)CCCCCC)C=C(/C=C(C4=O)\C(C5=CC=CC=C45)=C(C#N)/C#N)S3)C=C12)=C6C7=CC=C(C8=C(CC(CCCC)CCCCCC)C=C(/C=C(C9=O)/C(C%10=CC=CC=C9%10)=C(C#N)\C#N)S8)C=C7N(CC(CCCC)CCCCCC)C\6=O,CCCCCCc1ccc(C2=C3C=C(C=C4C(=O)C(=C(C#N)C#N)c5cc(Cl)c(Cl)cc54)SC3c3sc4c(-c5cc(CC(CC)CCCC)c(Cl)s5)c5c(c(-c6ccc(CC(CC)CCCC)s6)c4c32)SC2C5=Cc3sc(C=C4C(=O)CCC4=Cc4cc5c(s4)C=C4c6c(cc7c8c(sc7c6-c6cc(CC(CC)CCCC)c(Cl)s6)C6SC(C=C7C(=O)C(=C(C#N)C#N)c9ccccc97)=CC6=C8)SC45)cc32)cc1,-5.99,-3.95,-5.2511,-3.6157,0.7389,0.3343,0.54597321,0.11175649,,,0,0
O=C(N1CC(CCCC)CCCCCC)/C(C2=CC=C(C(SC(/C=C(C3=O)\C(C4=CC=CC=C34)=C(C#N)\C#N)=C5)=C5OCC(CCCC)CCCCCC)C=C12)=C6C7=CC=C(C(SC(/C=C(C8=O)/C(C9=CC=CC=C89)=C(C#N)\C#N)=C%10)=C%10OCC(CCCC)CCCCCC)C=C7N(CC(CCCC)CCCCCC)C\6=O,CCCCCCc1ccc(C2=C3C=C(C=C4C(=O)C(=C(C#N)C#N)c5cc(Cl)c(Cl)cc54)SC3c3sc4c(-c5cc(CC(CC)CCCC)c(Cl)s5)c5c(c(-c6ccc(CC(CC)CCCC)s6)c4c32)SC2C5=Cc3sc(C=C4C(=O)CCC4=Cc4cc5c(s4)C=C4c6c(cc7c8c(sc7c6-c6cc(CC(CC)CCCC)c(Cl)s6)C6SC(C=C7C(=O)C(=C(C#N)C#N)c9ccccc97)=CC6=C8)SC45)cc32)cc1,-5.74,-3.93,-5.2504,-3.6152,,,0,0,0.4896,0.3148,0.23970816,0.09909904
CCCCCCC1=CC=C(C2(C3=CC=C(CCCCCC)C=C3)C(C=C(/C=C4C(C5=C(C/4=C(C#N)/C#N)C=CC=C5)=O)S6)=C6C7=CC8=C(C(SC9=C%10SC(/C=C%11/C(C(C=CC=C%12)=C%12C%11=O)=C(C#N)\C#N)=C9)=C%10C8(C%13=CC=C(CCCCCC)C=C%13)C%14=CC=C(CCCCCC)C=C%14)C=C27)C=C1,CCCCCCc1ccc(C2=C3C=C(C=C4C(=O)C(=C(C#N)C#N)c5cc(Cl)c(Cl)cc54)SC3c3sc4c(-c5cc(CC(CC)CCCC)c(Cl)s5)c5c(c(-c6ccc(CC(CC)CCCC)s6)c4c32)SC2C5=Cc3sc(C=C4C(=O)CCC4=Cc4cc5c(s4)C=C4c6c(cc7c8c(sc7c6-c6cc(CC(CC)CCCC)c(Cl)s6)C6SC(C=C7C(=O)C(=C(C#N)C#N)c9ccccc97)=CC6=C8)SC45)cc32)cc1,-5.62,-3.9,-5.3236,-3.6163,,,0,0,0.2964,0.2837,0.08785296,0.08048569
CCCCCCC1=CC=C(C2(C3=CC=C(CCCCCC)C=C3)C(C(SC4=C5SC(/C=C6C(C7=C(C/6=C(C#N)\C#N)C=CC=C7)=O)=C4)=C5S8)=C8C9=CC%10=C(C(SC%11=C%12SC(/C=C%13/C(C(C=CC=C%14)=C%14C%13=O)=C(C#N)\C#N)=C%11)=C%12C%10(C%15=CC=C(CCCCCC)C=C%15)C%16=CC=C(CCCCCC)C=C%16)C=C29)C=C1,CCCCCCc1ccc(C2=C3C=C(C=C4C(=O)C(=C(C#N)C#N)c5cc(Cl)c(Cl)cc54)SC3c3sc4c(-c5cc(CC(CC)CCCC)c(Cl)s5)c5c(c(-c6ccc(CC(CC)CCCC)s6)c4c32)SC2C5=Cc3sc(C=C4C(=O)CCC4=Cc4cc5c(s4)C=C4c6c(cc7c8c(sc7c6-c6cc(CC(CC)CCCC)c(Cl)s6)C6SC(C=C7C(=O)C(=C(C#N)C#N)c9ccccc97)=CC6=C8)SC45)cc32)cc1,-5.54,-3.91,-5.3247,-3.6169,0.2153,0.2931,0.04635409,0.08590761,,,0,0
CCCCCCC1=CC=C(C2(C3=CC=C(CCCCCC)C=C3)C4=CC(C(SC(C(SC(/C=C(C5=O)/C(C6=CC(F)=C(F)C=C56)=C(C#N)\C#N)=C7OC)=C7OC)=C8)=C8C9(C%10=CC=C(CCCCCC)C=C%10)C%11=CC=C(CCCCCC)C=C%11)=C9C=C4C%12=C2C=C(C(SC(/C=C(C%13=O)/C(C%14=CC(F)=C(F)C=C%13%14)=C(C#N)/C#N)=C%15OC)=C%15OC)S%12)C=C1,CCCCCCc1ccc(C2=C3C=C(C=C4C(=O)C(=C(C#N)C#N)c5cc(Cl)c(Cl)cc54)SC3c3sc4c(-c5cc(CC(CC)CCCC)c(Cl)s5)c5c(c(-c6ccc(CC(CC)CCCC)s6)c4c32)SC2C5=Cc3sc(C=C4C(=O)CCC4=Cc4cc5c(s4)C=C4c6c(cc7c8c(sc7c6-c6cc(CC(CC)CCCC)c(Cl)s6)C6SC(C=C7C(=O)C(=C(C#N)C#N)c9ccccc97)=CC6=C8)SC45)cc32)cc1,-5.49,-3.85,-5.326,-3.6071,0.164,0.2429,0.026896,0.05900041,,,0,0
O=C1C(/C(C2=CC(Cl)=C(Cl)C=C12)=C(C#N)\C#N)=C/C3=CC(C(C4=CC=C(CCCCCC)C=C4)(C5=CC=C(CCCCCC)C=C5)C6=C7SC8=C(C9=CC(F)=C(CC(CC)CCCC)S9)C%10=C(SC%11=C%10C(C%12=CC=C(CCCCCC)C=C%12)(C%13=CC=C(CCCCCC)C=C%13)C%14=C%11SC(/C=C(C%15=O)/C(C%16=CC(Cl)=C(Cl)C=C%15%16)=C(C#N)/C#N)=C%14)C(C%17=CC(F)=C(CC(CC)CCCC)S%17)=C68)=C7S3,CCCCCCc1ccc(C2=C3C=C(C=C4C(=O)C(=C(C#N)C#N)c5cc(Cl)c(Cl)cc54)SC3c3sc4c(-c5cc(CC(CC)CCCC)c(Cl)s5)c5c(c(-c6ccc(CC(CC)CCCC)s6)c4c32)SC2C5=Cc3sc(C=C4C(=O)CCC4=Cc4cc5c(s4)C=C4c6c(cc7c8c(sc7c6-c6cc(CC(CC)CCCC)c(Cl)s6)C6SC(C=C7C(=O)C(=C(C#N)C#N)c9ccccc97)=CC6=C8)SC45)cc32)cc1,-5.7,-3.91,-5.2547,-3.6042,0.4453,0.3058,0.19829209,0.09351364,,,0,0
CCCCCCC1=CC=C(C2(C3=CC=C(CCCCCC)S3)C(C(SC(/C=C(C4=O)\C(C5=CSC=C45)=C(C#N)/C#N)=C6)=C6S7)=C7C8=CC9=C(C(SC(/C=C(C%10=O)/C(C%11=CSC=C%10%11)=C(C#N)\C#N)=C%12)=C%12C9(C%13=CC=C(CCCCCC)S%13)C%14=CC=C(CCCCCC)S%14)C=C28)S1,CCCCCCc1ccc(C2=C3C=C(C=C4C(=O)C(=C(C#N)C#N)c5cc(Cl)c(Cl)cc54)SC3c3sc4c(-c5cc(CC(CC)CCCC)c(Cl)s5)c5c(c(-c6ccc(CC(CC)CCCC)s6)c4c32)SC2C5=Cc3sc(C=C4C(=O)CCC4=Cc4cc5c(s4)C=C4c6c(cc7c8c(sc7c6-c6cc(CC(CC)CCCC)c(Cl)s6)C6SC(C=C7C(=O)C(=C(C#N)C#N)c9ccccc97)=CC6=C8)SC45)cc32)cc1,-5.71,-4.01,-5.3263,-3.6704,0.3837,0.3396,0.14722569,0.11532816,,,0,0
O=C1C(/C(C2=CC=CC=C12)=C(C#N)\C#N)=C/C3=CC4=C(C(C(C5=CC=C(CCCCCC)C=C5)(C6=CC=C(CCCCCC)C=C6)C7=CC(C(SC(/C=C(C8=O)/C(C9=CC=CC=C89)=C(C#N)/C#N)=C%10)=C%10C%11(C%12=CC=C(CCCCCC)C=C%12)C%13=CC=C(CCCCCC)C=C%13)=C%11C=C%147)=C%14S4)S3,CCCCCCc1ccc(C2=C3C=C(C=C4C(=O)C(=C(C#N)C#N)c5cc(Cl)c(Cl)cc54)SC3c3sc4c(-c5cc(CC(CC)CCCC)c(Cl)s5)c5c(c(-c6ccc(CC(CC)CCCC)s6)c4c32)SC2C5=Cc3sc(C=C4C(=O)CCC4=Cc4cc5c(s4)C=C4c6c(cc7c8c(sc7c6-c6cc(CC(CC)CCCC)c(Cl)s6)C6SC(C=C7C(=O)C(=C(C#N)C#N)c9ccccc97)=CC6=C8)SC45)cc32)cc1,-5.6,-3.87,-5.2701,-3.5997,0.3299,0.2703,0.10883401,0.07306209,,,0,0
CCCCCCCCOC(C(SC(/C=C(C1=O)\C(C2=CC=CC=C12)=C(C#N)/C#N)=C3OCCCCCCCC)=C3S4)=C4C5=CC=C6C(C7(C8=CC(C(SC9=C%10SC(/C=C(C%11=O)/C(C%12=CC=CC=C%11%12)=C(C#N)\C#N)=C9OCCCCCCCC)=C%10OCCCCCCCC)=CC=C68)C%13=CC(C(SC%14=C%15SC(/C=C(C%16=O)\C(C%17=CC=CC=C%16%17)=C(C#N)/C#N)=C%14OCCCCCCCC)=C%15OCCCCCCCC)=CC=C%13C%18=CC=C(C(SC%19=C%20SC(/C=C(C%21=O)/C(C%22=CC=CC=C%21%22)=C(C#N)/C#N)=C%19OCCCCCCCC)=C%20OCCCCCCCC)C=C7%18)=C5,CCCCCCc1ccc(C2=C3C=C(C=C4C(=O)C(=C(C#N)C#N)c5cc(Cl)c(Cl)cc54)SC3c3sc4c(-c5cc(CC(CC)CCCC)c(Cl)s5)c5c(c(-c6ccc(CC(CC)CCCC)s6)c4c32)SC2C5=C(Cl)c3sc(C=C4C(=O)CCC4=Cc4cc5c(s4)C=C4c6c(cc7c8c(sc7c6-c6cc(CC(CC)CCCC)c(Cl)s6)C6SC(C=C7CCC(=C(C#N)C#N)C7=O)=CC6=C8)SC45)cc32)cc1,-4.01,-5.81,-5.1372,-3.568,-1.1272,2.242,1.27057984,5.026564,,,0,0
CCCCCC[Si]1(C(C(SC(C2=C3C=C(/C=C4/C(C(C=CC=C5)=C5C4=O)=C(C#N)/C#N)S2)=C6[Si]3(CCCCCC)CCCCCC)=C6S7)=C7C8=C1C=C(/C=C9/C(C(C=CC=C%10)=C%10C9=O)=C(C#N)/C#N)S8)CCCCCC,CCCCCCc1ccc(C2=C3C=C(C=C4C(=O)C(=C(C#N)C#N)c5cc(Cl)c(Cl)cc54)SC3c3sc4c(-c5cc(CC(CC)CCCC)c(Cl)s5)c5c(c(-c6ccc(CC(CC)CCCC)s6)c4c32)SC2C5=C(Cl)c3sc(C=C4C(=O)CCC4=Cc4cc5c(s4)C=C4c6c(cc7c8c(sc7c6-c6cc(CC(CC)CCCC)c(Cl)s6)C6SC(C=C7CCC(=C(C#N)C#N)C7=O)=CC6=C8)SC45)cc32)cc1,-5.58,-4.21,-5.1385,-3.5585,,,0,0,0.4415,0.6515,0.19492225,0.42445225
CCCCCCCCC1=C2C(C(C3=CC=C(CCCCCC)C=C3)(C4=CC=C(CCCCCC)C=C4)C5=C6SC(/C=C(C7=O)\C(C8=CC=CC=C78)=C(C#N)/C#N)=C5)=C6SC2=C(CCCCCCCC)C9=C1SC%10=C9C(C%11=CC=C(CCCCCC)C=C%11)(C%12=CC=C(CCCCCC)C=C%12)C%13=C%10SC(/C=C(C%14=O)/C(C%15=CC=CC=C%14%15)=C(C#N)/C#N)=C%13,CCCCCCc1ccc(C2=C3C=C(C=C4C(=O)C(=C(C#N)C#N)c5cc(Cl)c(Cl)cc54)SC3c3sc4c(-c5cc(CC(CC)CCCC)c(Cl)s5)c5c(c(-c6ccc(CC(CC)CCCC)s6)c4c32)SC2C5=Cc3sc(C=C4C(=O)CCC4=Cc4cc5c(s4)C=C4c6c(cc7c8c(sc7c6-c6cc(CC(CC)CCCC)c(Cl)s6)C6SC(C=C7C(=O)C(=C(C#N)C#N)c9ccccc97)=CC6=C8)SC45)cc32)cc1,-5.36,-3.89,-5.2505,-3.6274,0.1095,0.2626,0.01199025,0.06895876,,,0,0
CCCCCCOC1=CC=CC(C2(C3=CC(OCCCCCC)=CC=C3)C(C(SC(/C=C(C4=O)\C(C5=CC(Cl)=C(Cl)C=C45)=C(C#N)/C#N)=C6)=C6S7)=C7C8=CC9=C(C(SC%10=C%11SC(/C=C(C%12=O)/C(C%13=CC(Cl)=C(Cl)C=C%12%13)=C(C#N)/C#N)=C%10)=C%11C9(C%14=CC(OCCCCCC)=CC=C%14)C%15=CC(OCCCCCC)=CC=C%15)C=C28)=C1,CCCCCCc1ccc(C2=C3C=C(C=C4C(=O)C(=C(C#N)C#N)c5cc(Cl)c(Cl)cc54)SC3c3sc4c(-c5cc(CC(CC)CCCC)c(Cl)s5)c5c(c(-c6ccc(CC(CC)CCCC)s6)c4c32)SC2C5=Cc3sc(C=C4C(=O)CCC4=Cc4cc5c(s4)C=C4c6c(cc7c8c(sc7c6-c6cc(CC(CC)CCCC)c(Cl)s6)C6SC(C=C7C(=O)C(=C(C#N)C#N)c9ccccc97)=CC6=C8)SC45)cc32)cc1,-5.78,-4.05,-5.2281,-3.6315,,,0,0,0.5519,0.4185,0.30459361,0.17514225
O=C(N(C1=O)CC(CC)CCCC)C2=C(C3=CC=C(C4=CC=C(N(C5=CC=C(C6=CC=C(C7=C(C(N(CC(CC)CCCC)C8=O)=O)C(C8=CC=C9C%10=C%11OCCOC)=C9C(C%12=CC=C(C%13=O)C(C(C(N%13CC(CC)CCCC)=O)=C%11)=C%12%10)=C7)S6)C=C5)C%14=CC=C(C%15=CC=C(C%16=C(C(N(CC(CC)CCCC)C%17=O)=O)C(C%17=CC=C%18C%19=C%20OCCOC)=C%18C(C%21=CC=C(C%22=O)C(C(C(N%22CC(CC)CCCC)=O)=C%20)=C%21%19)=C%16)S%15)C=C%14)C=C4)S3)C=C(C%23=CC=C(C%24=O)C%25=C%23%26)C%27=C2C1=CC=C%27C%26=C(C=C%25C(N%24CC(CC)CCCC)=O)OCCOC,CCCCCCc1ccc(C2=C3C=C(C=C4C(=O)C(=C(C#N)C#N)c5cc(Cl)c(Cl)cc54)SC3c3sc4c(-c5cc(CC(CC)CCCC)c(Cl)s5)c5c(c(-c6ccc(CC(CC)CCCC)s6)c4c32)SC2C5=Cc3sc(C=C4C(=O)CCC4=Cc4cc5c(s4)C=C4c6c(cc7c8c(sc7c6-c6cc(CC(CC)CCCC)c(Cl)s6)C6SC(C=C7C(=O)C(=C(C#N)C#N)c9ccccc97)=CC6=C8)SC45)cc32)cc1,-5.6,-3.8,-5.0403,-3.5187,,,0,0,0.5597,0.2813,0.31326409,0.07912969
CCC(N1C(/C=C/C2=CC=C(/C=C/C3=NC(C#N)=C(C#N)N3C(CC)CCCC)C4=NSN=C24)=NC(C#N)=C1C#N)CCCC,CCC(CC)(CC)C1CC=CC=C1c1ccc(-c2ccc(-c3ccc(-c4sc(-c5sc(C)c6c5[SiH2]c5c-6sc6c(-c7cc(C)c(C)s7)c(-c7cc(C)c(C)s7)c(-c7cc(C)c(C)s7)c(-c7cc(C)c(C)s7)c56)c5c4[SiH2]c4sc(-c6sc(-c7sc(-c8cccs8)c8c7[SiH2]c7c-8sc8sc(C=Cc9cccs9)cc78)c7c6[SiH2]c6sc(-c8ccc(-c9sc(-c%10ccc(C)s%10)c%10c9[SiH](C)c9c-%10sc%10sc(-c%11ccc(-c%12sc(-c%13ccc(C)s%13)c%13c%12[SiH](C)(C)(C)c%12c-%13sc%13sc(C=Cc%14cccs%14)cc%12%13)s%11)cc9%10)s8)cc6-7)cc4-5)s3)s2)s1,-6.1,-3.6,-0.9046,-0.5785,5.1954,3.0215,26.99218116,9.12946225,,,0,0
O=C1C(/C(C2=CSC(C)=C12)=C(C#N)\C#N)=C\C3=CC(C(C4=CC=C(CCCCCC)C=C4)(C5=CC=C(CCCCCC)C=C5)C6=C7SC8=C(C9=CC=C(CC(CC)CCCC)S9)C%10=C(SC%11=C%10C(C%12=CC=C(CCCCCC)C=C%12)(C%13=CC=C(CCCCCC)C=C%13)C%14=C%11SC(/C=C(C%15=O)\C(C%16=CSC(C)=C%15%16)=C(C#N)\C#N)=C%14)C(C%17=CC=C(CC(CC)CCCC)S%17)=C68)=C7S3,CCCCCCc1ccc(C2=C3C=C(C=C4C(=O)C(=C(C#N)C#N)c5cc(Cl)c(Cl)cc54)SC3c3sc4c(-c5cc(CC(CC)CCCC)c(Cl)s5)c5c(c(-c6ccc(CC(CC)CCCC)s6)c4c32)SC2C5=Cc3sc(C=C4C(=O)CCC4=Cc4cc5c(s4)C=C4c6c(cc7c8c(sc7c6-c6cc(CC(CC)CCCC)c(Cl)s6)C6SC(C=C7C(=O)C(=C(C#N)C#N)c9ccccc97)=CC6=C8)SC45)cc32)cc1,-5.59,-3.86,-5.2535,-3.5999,0.3365,0.2601,0.11323225,0.06765201,,,0,0
CCC(CCCC)COC1=C2C(C(C3=CC=C(CCCCCC)C=C3)(C4=CC=C(CCCCCC)C=C4)C5=C6SC(/C=C(C7=O)/C(C8=CSC(C)=C78)=C(C#N)\C#N)=C5)=C6SC2=C(OCC(CC)CCCC)C9=C1SC%10=C9C(C%11=CC=C(CCCCCC)C=C%11)(C%12=CC=C(CCCCCC)C=C%12)C%13=C%10SC(/C=C(C%14=O)\C(C%15=CSC(C)=C%14%15)=C(C#N)/C#N)=C%13,CCCCCCc1ccc(C2=C3C=C(C=C4C(=O)C(=C(C#N)C#N)c5cc(Cl)c(Cl)cc54)SC3c3sc4c(-c5cc(CC(CC)CCCC)c(Cl)s5)c5c(c(-c6ccc(CC(CC)CCCC)s6)c4c32)SC2C5=Cc3sc(C=C4C(=O)CCC4=Cc4cc5c(s4)C=C4c6c(cc7c8c(sc7c6-c6cc(CC(CC)CCCC)c(Cl)s6)C6SC(C=C7C(=O)C(=C(C#N)C#N)c9ccccc97)=CC6=C8)SC45)cc32)cc1,-5.42,-3.94,-5.2432,-3.5742,,,0,0,0.1768,0.3658,0.03125824,0.13380964
CCCCCCC1=CC=C(C2(C3=CC=C(CCCCCC)C=C3)C(C(SC(C(C=C(OC)C(/C=C(C#N)/C#N)=C4)=C4OC)=C5)=C5S6)=C6C7=CC8=C(C(SC9=C%10SC(C(C=C(OC)C(/C=C(C#N)/C#N)=C%11)=C%11OC)=C9)=C%10C8(C%12=CC=C(CCCCCC)C=C%12)C%13=CC=C(CCCCCC)C=C%13)C=C27)C=C1,CCCCCCc1ccc(C2=C3C=C(C=C4C(=O)C(=C(C#N)C#N)c5cc(Cl)c(Cl)cc54)SC3c3sc4c(-c5cc(CC(CC)CCCC)c(Cl)s5)c5c(c(-c6ccc(CC(CC)CCCC)s6)c4c32)SC2C5=Cc3sc(C=C4C(=O)CCC4=Cc4cc5c(s4)C=C4c6c(cc7c8c(sc7c6-c6cc(CC(CC)CCCC)c(Cl)s6)C6SC(C=C7C(=O)C(=C(C#N)C#N)c9ccccc97)=CC6=C8)SC45)cc32)cc1,-5.98,-3.81,-5.3219,-3.597,,,0,0,0.6581,0.213,0.43309561,0.045369
CCCCCCC1(C2=CC(C(SC(/C=C(C3=O)/C(C4=CC(Cl)=C(Cl)C=C34)=C(C#N)\C#N)=C5)=C5C6(CCCCCC)CCCCCC)=C6C=C2C7=C1C=C(/C=C(C8=O)/C(C9=CC(Cl)=C(Cl)C=C89)=C(C#N)\C#N)S7)CCCCCC,CCCCCCc1ccc(C2=C3C=C(C=C4C(=O)C(=C(C#N)C#N)c5cc(Cl)c(Cl)cc54)SC3c3sc4c(-c5cc(CC(CC)CCCC)c(Cl)s5)c5c(c(-c6ccc(CC(CC)CCCC)s6)c4c32)SC2C5=Cc3sc(C=C4C(=O)CCC4=Cc4cc5c(s4)C=C4c6c(cc7c8c(sc7c6-c6cc(CC(CC)CCCC)c(Cl)s6)C6SC(C=C7C(=O)C(=C(C#N)C#N)c9ccccc97)=CC6=C8)SC45)cc32)cc1,-4.01,-5.81,-5.2507,-3.6343,-1.2407,2.1757,1.53933649,4.73367049,,,0,0
,,,,,,,,1.450248528,0.81008257,,,0.08362617,0.050048363