original,reconstructed,org_homo,org_lumo,homo,lumo
O=C(N1CC(CCCC)CCCCCC)/C(C2=CC=C(C(SC(/C=C(C3=O)/C(C4=CC=CC=C34)=C(C#N)\C#N)=C5)=C5CC(CCCC)CCCCCC)C=C12)=C6C7=CC=C(C(SC(/C=C(C8=O)/C(C9=CC=CC=C89)=C(C#N)\C#N)=C%10)=C%10CC(CCCC)CCCCCC)C=C7N(CC(CCCC)CCCCCC)C\6=O,CCCCCCc1ccc(C2=C3C=C(C=Cc4ccccc4N(c4ccccc4)c4ccccc4)SC3c3sc4c(C=C(C#N)C#N)c5c(C=C6C(=O)C(=C(C#N)C#N)c7ccccc76)csc5c(C5C=C(C6=C(C=C=O)Cc7ccccc76)SC5c5c6scc(C=C7C(=O)C(=C(C#N)C#N)c8ccccc87)c6c(C=C(C#N)C#N)c6sc7c(c56)C(c5ccc(CCCCCC)cc5)=C5C=C(C=Cc6ccccc6N(c6ccccc6)c6ccccc6)SC57)c4c32)cc1,-5.99,-3.95,tensor(-5.7487),tensor(-4.4835)
CCCCCCCCC1=C2C(C(C3=CC=C(CCCCCC)C=C3)(C4=CC=C(CCCCCC)C=C4)C5=C6SC(/C=C(C7=O)\C(C8=CC(Cl)=C(Cl)C=C78)C(C#N)C#N)=C5)=C6SC2=C(CCCCCCCC)C9=C1SC%10=C9C(C%11=CC=C(CCCCCC)C=C%11)(C%12=CC=C(CCCCCC)C=C%12)C%13=C%10SC(/C=C(C%14=O)/C(C%15=CC(Cl)=C(Cl)C=C%14%15)=C(C#N)/C#N)=C%13,CCCCCCCCc1c(C=C(C#N)C#N)c2c3c(sc2c2c4c(sc12)C1SC(C=C2C(=O)C(C(C#N)C#N)c5cc(Cl)c(Cl)cc52)=CC1=C4c1ccc(CCCCCC)cc1)C1SC(C=C2C(=O)C(C(C#N)C#N)c4cc(Cl)c(Cl)cc42)=CC1=C3c1ccc(CCCCCC)cc1,-5.6,-4.02,tensor(-5.5109),tensor(-4.5166)
CCCCCCC1=CC=C(C2(C3=CC=C(CCCCCC)C=C3)C4=CC(C(SC(C5=CC(C6(CCCCCCCC)CCCCCCCC)=C(C7=C6C=C(/C=C(C8=O)/C(C9=CC(Cl)=C(Cl)C=C89)=C(C#N)/C#N)S7)S5)=C%10)=C%10C%11(C%12=CC=C(CCCCCC)C=C%12)C%13=CC=C(CCCCCC)C=C%13)=C%11C=C4C%14=C2C=C(C%15=CC(C%16(CCCCCCCC)CCCCCCCC)=C(C%17=C%16C=C(/C=C(C%18=O)/C(C%19=CC(Cl)=C(Cl)C=C%18%19)=C(C#N)\C#N)S%17)S%15)S%14)C=C1,CCCCCCCCCCCCCCC(CCCC)CCCCCCC,-5.5,-3.79,tensor(-6.8629),tensor(-4.2500)
O=C1C(/C(C2=CSC=C12)=C(C#N)\C#N)=C/C3=CC(C(C4=CC=C(CCCCCC)C=C4)(C5=CC=C(CCCCCC)C=C5)C6=CC7=C(C(C8=CC=C(CCCCCC)C=C8)(C9=CC=C(CCCCCC)C=C9)C%10=C7SC(/C=C(C%11=O)/C(C%12=CSC=C%11%12)=C(C#N)\C#N)=C%10)C=C%136)=C%13S3,CCCCCCc1ccc(C2=C3C=C(C=C4C(=O)C(=C(C#N)C#N)c5ccccc54)SC3c3sc4c5c(c6sc7c(c6c4c32)C=C2C=C(C=C3CCC(=C(C#N)C#N)C3=O)SC27)SC2C5=Cc3sc(C=C4CCC(=O)C4=Cc4cc5c(s4)C(C#N)=C4c6c(c7sc8c(c7c7c9c(sc67)C6SC(C=C7C(=O)C(=C(C#N)C#N)c%10ccccc%107)=CC6=C9c6ccc(CCCCCC)cc6)C(c6ccc(CCCCCC)cc6)=C6C=C(C=C7C(=O)C(=C(C#N)C#N)c9ccccc97)SC68)SC45)cc32)cc1,-5.87,-3.92,tensor(-5.4472),tensor(-4.3307)
O=C1C(/C(C2=CSC=C12)=C(C#N)\C#N)=C/C3=CC4=C(C(C(C5=CC=C(CCCCCC)C=C5)(C6=CC=C(CCCCCC)C=C6)C7=CC(C(SC(/C=C(C8=O)/C(C9=CSC=C89)=C(C#N)\C#N)=C%10)=C%10C%11(C%12=CC=C(CCCCCC)C=C%12)C%13=CC=C(CCCCCC)C=C%13)=C%11C=C%147)=C%14S4)S3,CCCCCCc1ccc(C2=C3C=C(C=C4C(=O)C(=C(C#N)C#N)c5ccccc54)SC3c3sc4c5c(c6sc7c(c6c4c32)C=C2C=C(C=C3CCC(=C(C#N)C#N)C3=O)SC27)SC2C5=Cc3sc(C=C4CCC(=O)C4=Cc4cc5c(s4)C(C#N)=C4c6c(c7sc8c(c7c7c9c(sc67)C6SC(C=C7C(=O)C(=C(C#N)C#N)c%10ccccc%107)=CC6=C9c6ccc(CCCCCC)cc6)C(c6ccc(CCCCCC)cc6)=C6C=C(C=C7C(=O)C(=C(C#N)C#N)c9ccccc97)SC68)SC45)cc32)cc1,-5.68,-3.97,tensor(-5.6239),tensor(-4.6067)
O=C1C(/C(C2=CSC=C12)=C(C#N)\C#N)=C/C3=CC4C(C(C(C5=CC=C(CCCCCC)C=C5)(C6=CC=C(CCCCCC)C=C6)C7=CC(C(SC8=C9SC(/C=C(C%10=O)/C(C%11=CSC=C%10%11)=C(C#N)\C#N)=C8)=C9C%12(C%13=CC=C(CCCCCC)C=C%13)C%14=CC=C(CCCCCC)C=C%14)=C%12C=C%157)=C%15S4)S3,CCCCCCc1ccc(C2=C3c4sc(C=C5C(=O)C(=C(C#N)C#N)c6cscc65)cc4SC3c3c2c2c(c4c3C3Sc5cc(C=C6C(=O)C(=C(C#N)C#N)c7cscc76)sc5C3=C4c3ccc(CCCCCC)cc3)C(C(CC(CCCC)CCCCCC)C(CCCC)CC(CCCC)CCCCCC)C34C=C(C=C5CCCC5=O)SC3SC=C24)cc1,-5.61,-3.96,tensor(-5.5870),tensor(-4.4632)
O=C(C(/C1=C(C#N)/C#N)=C\C2=CC(C(C3=CC=C(CCCCCC)C=C3)(C4=CC=C(CCCCCC)C=C4)C5=C6SC7=C5C(C8=CC=C(CC(CC)CCCC)S8)=C(SC9=C%10C(C%11=CC=C(CCCCCC)C=C%11)(C%12=CC=C(CCCCCC)C=C%12)C%13=C9SC(/C=C%14\C(C(C=CC=C%15)=C%15C%14=O)=C(C#N)\C#N)=C%13)C%10=C7C%16=CC=C(CC(CC)CCCC)S%16)=C6S2)C%17=C1C=CC=C%17,CCCCCCc1ccc(C2=C3C=C(C=C4C(=O)c5ccccc5C4=C(C#N)C#N)SC3c3sc4c(c(-c5ccc(CC(CC)CCCC)s5)cc5cc(-c6cc(C=CC=O)sc6-c6cc7cc(-c8ccc(CC(CC)CCCC)s8)c8c9c(sc8c7s6)C6SC(C=C7C(=O)c8ccccc8C7=C(C#N)C#N)=CC6=C9c6ccc(CCCCCC)cc6)sc54)c32)cc1,-5.59,-3.91,tensor(-5.5184),tensor(-4.5187)
CCCCCCC1=CC=C(S1)C2(C(S3)=CC=C3CCCCCC)C(C(SC(/C=C(C4=O)/C(C5=CSC=C45)=C(C#N)\C#N)=C6)=C6S7)=C7C8=CC9=C(C(SC(/C=C(C%10=O)/C(C%11=CSC=C%10%11)=C(C#N)\C#N)=C%12)=C%12C9(C(S%13)=CC=C%13CCCCCC)C(S%14)=CC=C%14CCCCCC)C=C28,CCCCCCC=C1c2cc(OC)ccc2-c2cc(OC)ccc21,-5.71,-4.01,tensor(-5.1848),tensor(-4.6386)
CCCCCCC1=CC=C(C=C1)C2(C(C=C3)=CC=C3CCCCCC)C(C(SC(/C=C(C4=O)/C(C5=CC=CC=C45)=C(C#N)\C#N)=C6)=C6S7)=C7C8=CC9=C(C(SC(/C=C(C%10=O)/C(C%11=CC=CC=C%10%11)=C(C#N)\C#N)=C%12)=C%12C9(C(C=C%13)=CC=C%13CCCCCC)C(C=C%14)=CC=C%14CCCCCC)C=C28,CCCCCCc1ccc(C2=C3C=C(C=C4C(=O)C(=C(C#N)C#N)c5ccccc54)SC3c3sc4c(c5c(c6sc7c(c64)C(c4ccc(CCCCCC)cc4)=C4C=C(C=C6C(=O)C(=C(C#N)C#N)c8ccccc86)SC47)C4=C(C#N)c6sc(C=C7C(=Cc8cc9c(s8)C=C8c%10c(c%11c%12c(sc%11c%11c%13c(sc%10%11)C%10SC(C=C%11C(=O)C(=C(C#N)C#N)c%14ccccc%14%11)=CC%10=C%13c%10ccc(CCCCCC)cc%10)C%10SC(C=C%11CCC(=C(C#N)C#N)C%11=O)=CC%10=C%12)SC89)CCC7CCCCCC)cc6C4S5)c32)cc1,-5.6,-3.87,tensor(-5.3513),tensor(-4.5823)
O=C1C(/C(C2=CC(Cl)=C(Cl)C=C12)=C(C#N)/C#N)=C/C3=CC(C(C4=CC=C(CCCCCC)C=C4)(C5=CC=C(CCCCCC)C=C5)C6=C7SC8=C(C9=CC=C(CC(CC)CCCC)S9)C%10=C(SC%11=C%10C(C%12=CC=C(CCCCCC)C=C%12)(C%13=CC=C(CCCCCC)C=C%13)C%14=C%11SC(/C=C(C%15=O)/C(C%16=CC(Cl)=C(Cl)C=C%15%16)=C(C#N)/C#N)=C%14)C(C%17=CC=C(CC(CC)CCCC)S%17)=C68)=C7S3,CCCCCCc1ccc(C2=C3c4c(c(-c5ccc(CC(CC)CCCC)s5)c5c6c(sc5c4-c4ccc(CC(CC)CCCC)s4)C4SC(C=C5C(=O)C(=C(C#N)C#N)c7cc(Cl)c(Cl)cc75)=CC4=C6c4ccc(CCCCCC)cc4)SC3c3cc(C=C4C(=O)CCC4=Cc4cc5c(s4)C=C4c6c(cc7c8c(sc7c6-c6ccc(CC(CC)CCCC)s6)C6SC(C=C7CCC(=C(C#N)C#N)C7=O)=CC6=C8)SC45)sc32)cc1,-5.67,-3.9,tensor(-5.6007),tensor(-4.4187)
O=C1C(/C(C2=CC(Cl)=C(Cl)C=C12)=C(C#N)/C#N)=C/C3=CC(C(C4=CC=C(CCCCCC)C=C4)(C5=CC=C(CCCCCC)C=C5)C6=C7SC8=C(C9=CC(F)=C(CC(CC)CCCC)S9)C%10=C(SC%11=C%10C(C%12=CC=C(CCCCCC)C=C%12)(C%13=CC=C(CCCCCC)C=C%13)C%14=C%11SC(/C=C(C%15=O)/C(C%16=CC(Cl)=C(Cl)C=C%15%16)=C(C#N)/C#N)=C%14)C(C%17=CC(F)=C(CC(CC)CCCC)S%17)=C68)=C7S3,CCCCCCCCCCCCCCCCCCCCCCCC1(C=O)CCC1=O,-5.7,-3.91,tensor(-5.6803),tensor(-4.1681)
O=C1C(/C(C2=CC(Cl)=C(Cl)C=C12)=C(C#N)\C#N)=C/C3=CC(C(C4=CC=C(CCCCCC)C=C4)(C5=CC=C(CCCCCC)C=C5)C6=C7SC8=C(C9=CC(Cl)=C(CC(CC)CCCC)S9)C%10=C(SC%11=C%10C(C%12=CC=C(CCCCCC)C=C%12)(C%13=CC=C(CCCCCC)C=C%13)C%14=C%11SC(/C=C(C%15=O)/C(C%16=CC(Cl)=C(Cl)C=C%15%16)=C(C#N)/C#N)=C%14)C(C%17=CC(Cl)=C(CC(CC)CCCC)S%17)=C68)=C7S3,CC=C1CCC(=CC2=CC3=Cc4c(sc5c(-c6cc(CC(CC)CCCC)c(Cl)s6)c6c(cc45)SC4C6=Cc5sc(C=C6CCC(=O)C6=Cc6cc7c(s6)C(c6ccc(CCCCCC)cc6)=C6c8c(c(-c9cc(CC(CC)CCCC)c(Cl)s9)c9c%10c(sc9c8-c8cc(CC(CC)CCCC)c(Cl)s8)C8SC(C=C9C(=O)C(=C(C#N)C#N)c%11cc(Cl)c(Cl)cc%119)=CC8=C%10c8ccc(CCCCCC)cc8)SC67)cc54)C3S2)C1=O,-5.72,-3.92,tensor(-5.5384),tensor(-4.5248)
CCC(CCCC)COC1=C2C(C(C3=CC=C(CCCCCC)C=C3)(C4=CC=C(CCCCCC)C=C4)C5=C6SC(/C=C7C8=NC(C#N)=C(C#N)N=C8C9=CC=CC=C\79)=C5)=C6SC2=C(OCC(CC)CCCC)C%10=C1SC%11=C%10C(C%12=CC=C(CCCCCC)C=C%12)(C%13=CC=C(CCCCCC)C=C%13)C%14=C%11SC(/C=C%15C%16=NC(C#N)=C(C#N)N=C%16C%17=CC=CC=C/%15%17)=C%14,CCCCCCc1ccc(C2=C3C=C(C=C4c5ccccc5-c5nc(C#N)c(C#N)nc54)SC3c3sc4c(cc(OCC(CC)(CCCC)COc5c(C(c6ccc(CCCCCC)cc6)c6cccc(CCCCCC)c6)c6c7c(sc6c6c8c(sc56)C5SC(C=C6c9ccccc9-c9nc(C#N)c(C#N)nc96)=CC5=C8c5ccc(CCCCCC)cc5)C5SC(C=C6c8ccccc8-c8nc(C#N)c(C#N)nc86)=CC5=C7c5ccc(CCCCCC)cc5)c5sc6c(c54)C(c4ccc(CCCCCC)cc4)=C4C=C(C=C5c7ccccc7-c7nc(C#N)c(C#N)nc75)SC46)c32)cc1,-5.47,-3.79,tensor(-5.2792),tensor(-4.0973)
CCC(CCCC)COC1=C2C(C(C3=CC=C(CCCCCC)C=C3)(C4=CC=C(CCCCCC)C=C4)C5=C6SC(/C=C(C7=O)\C(C8=CC=CC=C78)=C(C#N)\C#N)=C5)=C6SC2=C(OCC(CC)CCCC)C9=C1SC%10=C9C(C%11=CC=C(CCCCCC)C=C%11)(C%12=CC=C(CCCCCC)C=C%12)C%13=C%10SC(/C=C(C%14=O)/C(C%15=CC=CC=C%14%15)=C(C#N)/C#N)=C%13,CCCCCCc1ccc(C2=C3C=C(C=C4C(=O)C(=C(C#N)C#N)c5csc(C)c54)SC3c3sc4c(c32)c(C(c2ccc(C=C(C#N)C#N)cc2)c2cccc(CCCCCC)c2)c(OCC(CC)CCCC)c2sc3c(c24)C(c2ccc(CCCCCC)cc2)=C2C=C(C=C4C(=O)C(=C(C#N)C#N)c5csc(C)c54)SC23)cc1,-5.39,-3.87,tensor(-4.8007),tensor(-4.7982)
C1(C2=C/3C=CC=C2)=CC=CC=C1C3=C4C5=C(C=CC=C5)C6=CC=CC=C6\4,Cc1ccc2c(c1)-c1ccccc1C2=C1c2ccccc2-c2ccccc21,-5.58,-3.37,tensor(-4.9800),tensor(-3.3838)
COC1=CC=C2C(C3=CC(OC)=CC=C3/C2=C4C5=CC=C(OC)C=C5C6=CC(OC)=CC=C\46)=C1,COc1ccc2c(c1)C(=C1CC(OC)c3ccccc31)c1ccccc1-2,-5.11,-3.11,tensor(-4.8076),tensor(-3.4864)
CCCCCCCCCCCCCCOC1=CC=C2C(C3=CC(OCCCCCCCCCCCCCC)=CC=C3/C2=C4C5=CC=C(OCCCCCCCCCCCCCC)C=C5C6=CC(OCCCCCCCCCCCCCC)=CC=C\46)=C1,CCCCCCCCCCCCCCOc1ccc2c(c1)C(=C1c3cc(OCCCCCCCCCCCCCC)ccc3-c3cccc(OCCCCCCCCCCCCCC)c31)c1ccc(OCCCCCCCCCCCCCC)cc1-2,-5.06,-3.09,tensor(-4.8729),tensor(-3.5435)
C1(/C2=CC3=CC=CC=C3C=C2C4=CC5=CC=CC=C5C=C14)=C6C7=CC=CC=C7C8=CC=CC=C\68,C1=CCC2(C1)c1ccccc1C1(c3ccccc3C3(CC=CC3)C13CC=CC3)C21CC=CC1,-5.41,-3.36,tensor(-0.2450),tensor(-1.3333)
COC1=CC=C2C(C3=CC(OC)=CC=C3/C2=C4C5=CC6=CC=CC=C6C=C5C7=CC8=CC=CC=C8C=C\47)=C1,COC1c2ccccc2-c2ccc(C=C(C#N)c3sc(C=C4c5ccccc5-c5ccc(N(c6ccccc6)c6ccccc6)cc54)c4sc(C5=CCCC(c6sc(-c7cc(C8=CC9(CCC9%10CCCC%109CCC9%10CNCC%109CCC9)C9(CCC9%10CCCC%109CCC9%10CNCC%109CCC9)C9=C8Cc8c%10c(c%11c(c89)CNC%11)CNC%10)c(C8=CC9(CCC9%10CCCC%109CCC9%10CNCC%109CCC9)C9(CCC9%10CCCC%109CCC9%10CNCC%109CCC9)C9=C8Cc8c%10c(c%11c(c89)CNC%11)CNC%10)s7)cc6C)=C5)cc34)cc21,-5.17,-3.24,tensor(-4.9401),tensor(-3.5424)
C1(/C2=CC3=CC=CC=C3C=C2C4=C1C=C(C=CC=C5)C5=C4)=C6C7=CC8=CC=CC=C8C=C7C9=C\6C=C(C=CC=C%10)C%10=C9,CC1=Cc2ccccc2C12COC2,-5.25,-3.35,tensor(-0.2436),tensor(-2.7035)
COC1=CC=C2C(/C(C3=CC(OC)=CC=C23)=C4C5=CC(OC)=CC=C5C6=CC=C(OC)C=C/46)=C1,COc1ccc2c(c1)C(=C1CC(OC)c3ccccc31)c1ccccc1-2,-5.38,-3.39,tensor(-5.1081),tensor(-3.5509)
CCC(CCCC)CN1C(C(C(C2=CC=C(CCCCCC)C=C2)(C3=CC=C(CCCCCC)C=C3)C4=CC(C(SC(/C=C(C5=O)/C(C6=CC=CC=C56)=C(C#N)/C#N)=C7)=C7C8(C9=CC=C(CCCCCC)C=C9)C%10=CC=C(CCCCCC)C=C%10)=C8C=C%114)=C%11S%12)=C%12C%13=C1C=C(/C=C(C%14=O)/C(C%15=CC=CC=C%14%15)=C(C#N)\C#N)S%13,CCCCCCCCc1c(C=C(C#N)C#N)c2c3c(sc2c2c4c(sc12)C1SC(C=C2C(=O)C(C(C#N)C#N)c5cc(Cl)c(Cl)cc52)=CC1=C4c1ccc(CCCCCC)cc1)C1SC(C=C2C(=O)C(C(C#N)C#N)c4cc(Cl)c(Cl)cc42)=CC1=C3c1ccc(CCCCCC)cc1,-5.3,-3.85,tensor(-4.5797),tensor(-4.9727)
CCC(CCCC)CN1C(C(C(C2=CC=C(CCCCCC)C=C2)(C3=CC=C(CCCCCC)C=C3)C4=CC(C(SC(/C=C(C5=O)\C(C6=CC=C(Cl)C=C56)=C(C#N)\C#N)=C7)=C7C8(C9=CC=C(CCCCCC)C=C9)C%10=CC=C(CCCCCC)C=C%10)=C8C=C%114)=C%11S%12)=C%12C%13=C1C=C(/C=C(C%14=O)/C(C%15=CC=C(Cl)C=C%14%15)=C(C#N)/C#N)S%13,CCCCCCCCc1c(C=C(C#N)C#N)c2c3c(sc2c2c4c(sc12)C1SC(C=C2C(=O)C(C(C#N)C#N)c5cc(Cl)c(Cl)cc52)=CC1=C4c1ccc(CCCCCC)cc1)C1SC(C=C2C(=O)C(C(C#N)C#N)c4cc(Cl)c(Cl)cc42)=CC1=C3c1ccc(CCCCCC)cc1,-5.36,-3.92,tensor(-4.7067),tensor(-4.9285)
CCC(CCCC)CN1C(C(C(C2=CC=C(CCCCCC)C=C2)(C3=CC=C(CCCCCC)C=C3)C4=CC(C(SC(/C=C(C5=O)/C(C6=CC(Cl)=C(Cl)C=C56)=C(C#N)/C#N)=C7)=C7C8(C9=CC=C(CCCCCC)C=C9)C%10=CC=C(CCCCCC)C=C%10)=C8C=C%114)=C%11S%12)=C%12C%13=C1C=C(/C=C(C%14=O)/C(C%15=CC(Cl)=C(Cl)C=C%14%15)=C(C#N)\C#N)S%13,CCCCCCCCc1c(C=C(C#N)C#N)c2c3c(sc2c2c4c(sc12)C1SC(C=C2C(=O)C(C(C#N)C#N)c5cc(Cl)c(Cl)cc52)=CC1=C4c1ccc(CCCCCC)cc1)C1SC(C=C2C(=O)C(C(C#N)C#N)c4cc(Cl)c(Cl)cc42)=CC1=C3c1ccc(CCCCCC)cc1,-5.35,-3.97,tensor(-4.6561),tensor(-4.9714)
CCCCCCC1=CC=C(C=C1)C(C2=CC(C(SC3=C4SC5=C3C(C=C6C7=O)=C8C9=C5C=C%10C%11=C9C(C%12=CC=C(C(N7C(CCCCC)CCCCC)=O)C6=C%128)=CC=C%11C(N(C%10=O)C(CCCCC)CCCCC)=O)=C4C%13(C%14=CC=C(CCCCCC)C=C%14)C%15=CC=C(CCCCCC)C=C%15)=C%13C=C%162)(C%17=CC=C(CCCCCC)C=C%17)C%18=C%16SC%19=C%18SC%20=C%19C%21=C%22C%23=C(C%24=CC=C%23C%25=CC=C(C%26=O)C%27=C%25C%22=C%20C=C%27C(N%26C(CCCCC)CCCCC)=O)C(C(N(C%24=O)C(CCCCC)CCCCC)=O)=C%21,CCCCCCCC#N,-5.58,-3.87,tensor(-5.9819),tensor(-3.5974)
O=C1C(/C(C2=CC=CC=C12)=C(C#N)/C#N)=C/C3=CC(C(C4=CC=C(CCCCCC)C=C4)(C5=CC=C(CCCCCC)C=C5)C6=C7SC8=CC9=C(SC%10=C9C(C%11=CC=C(CCCCCC)C=C%11)(C%12=CC=C(CCCCCC)C=C%12)C%13=C%10SC(/C=C(C%14=O)/C(C%15=CC=CC=C%14%15)=C(C#N)/C#N)=C%13)C=C68)=C7S3,CCCCCCc1ccc(C2=C3C=C(C=C4C(=O)C(=C(C#N)C#N)c5ccccc54)SC3c3sc4c5c(c6sc7c(c6c4c32)C=C2C=C(C=C3CCC(=C(C#N)C#N)C3=O)SC27)SC2C5=Cc3sc(C=C4CCC(=O)C4=Cc4cc5c(s4)C(C#N)=C4c6c(c7sc8c(c7c7c9c(sc67)C6SC(C=C7C(=O)C(=C(C#N)C#N)c%10ccccc%107)=CC6=C9c6ccc(CCCCCC)cc6)C(c6ccc(CCCCCC)cc6)=C6C=C(C=C7C(=O)C(=C(C#N)C#N)c9ccccc97)SC68)SC45)cc32)cc1,-5.4,-3.83,tensor(-5.3018),tensor(-4.2891)
O=C(N1CC(CC)CCCC)C2=C(C3=CC=C(C4=CC=C(C(N5CC(CC)CCCC)=O)C6=C4C=CC=C6C5=O)S3)C7=NSN=C7C(C8=CC=C(C9=CC=C(C(N%10CC(CC)CCCC)=O)C%11=C9C=CC=C%11C%10=O)S8)=C2C1=O,CN,-5.62,-3.65,tensor(-1.3099),tensor(-1.7055)
O=C(N(C1=O)C(CCCCCC)CCCCCC)C2=CC(C3=CC=C4C(C5(C6=CC(C7=C(C8=CC=C(C(N9C(CCCCCC)CCCCCC)=O)C%10=C8C%11=CC=C%10C9=O)C(C%11=CC=C%12C%13=O)=C%12C(C(N%13C(CCCCCC)CCCCCC)=O)=C7)=CC=C46)C%14=CC(C%15=C(C%16=CC=C(C(N%17C(CCCCCC)CCCCCC)=O)C%18=C%16C%19=CC=C%18C%17=O)C(C%19=CC=C%20C%21=O)=C%20C(C(N%21C(CCCCCC)CCCCCC)=O)=C%15)=CC=C%14C%22=CC=C(C%23=C(C%24=CC=C(C(N%25C(CCCCCC)CCCCCC)=O)C%26=C%24C%27=CC=C%26C%25=O)C(C%27=CC=C%28C%29=O)=C%28C(C(N%29C(CCCCCC)CCCCCC)=O)=C%23)C=C5%22)=C3)=C%30C%31=C2C1=CC=C%31C%32=CC=C(C%33=O)C%34=C%32C%30=CC=C%34C(N%33C(CCCCCC)CCCCCC)=O,CCCCCCc1ccc(C2=C3C(C=C4C(=O)C(=C(C#N)C#N)c5ccccc54)=CSC3c3c2c2c(c4c3C3SC=C(C=C5C(=O)C(=C(C#N)C#N)c6ccccc65)C3=C4c3ccc(CCCCCC)cc3)-c3c(C=C=O)cc4c(c3C2=Cc2ccc(C=C(C#N)C(=O)OC)cc2)-c2ccc3c(c2C4=Cc2ccc(C=C(C#N)C(=O)OC)cc2)C=C2C(C=C4C(=O)C(=C(C#N)C#N)c5ccccc54)=CSC23)cc1,-5.97,-3.78,tensor(-5.9276),tensor(-4.2721)
O=C(N1CC(CCCC)CCCCCC)/C(C2=CC=C(C3=C(CC(CCCC)CCCCCC)C=C(/C=C(C4=O)\C(C5=CC=CC=C45)=C(C#N)/C#N)S3)C=C12)=C6C7=CC=C(C8=C(CC(CCCC)CCCCCC)C=C(/C=C(C9=O)/C(C%10=CC=CC=C9%10)=C(C#N)\C#N)S8)C=C7N(CC(CCCC)CCCCCC)C\6=O,CCCCCCc1ccc(C2=C3C=C(C=Cc4ccccc4N(c4ccccc4)c4ccccc4)SC3c3sc4c(C=C(C#N)C#N)c5c(C=C6C(=O)C(=C(C#N)C#N)c7ccccc76)csc5c(C5C=C(C6=C(C=C=O)Cc7ccccc76)SC5c5c6scc(C=C7C(=O)C(=C(C#N)C#N)c8ccccc87)c6c(C=C(C#N)C#N)c6sc7c(c56)C(c5ccc(CCCCCC)cc5)=C5C=C(C=Cc6ccccc6N(c6ccccc6)c6ccccc6)SC57)c4c32)cc1,-5.99,-3.95,tensor(-5.7260),tensor(-4.4521)
O=C(N1CC(CCCC)CCCCCC)/C(C2=CC=C(C(SC(/C=C(C3=O)\C(C4=CC=CC=C34)=C(C#N)\C#N)=C5)=C5OCC(CCCC)CCCCCC)C=C12)=C6C7=CC=C(C(SC(/C=C(C8=O)/C(C9=CC=CC=C89)=C(C#N)\C#N)=C%10)=C%10OCC(CCCC)CCCCCC)C=C7N(CC(CCCC)CCCCCC)C\6=O,O=C=O,-5.74,-3.93,tensor(-5.5885),tensor(-4.4690)
CCCCCCC1=CC=C(C2(C3=CC=C(CCCCCC)C=C3)C(C=C(/C=C4C(C5=C(C/4=C(C#N)/C#N)C=CC=C5)=O)S6)=C6C7=CC8=C(C(SC9=C%10SC(/C=C%11/C(C(C=CC=C%12)=C%12C%11=O)=C(C#N)\C#N)=C9)=C%10C8(C%13=CC=C(CCCCCC)C=C%13)C%14=CC=C(CCCCCC)C=C%14)C=C27)C=C1,CCCCCCc1ccc(C(c2ccc(CCCCCC)cc2)c2ccc(CCCCCC)cc2)cc1,-5.62,-3.9,tensor(-5.0673),tensor(-4.0900)
CCCCCCC1=CC=C(C2(C3=CC=C(CCCCCC)C=C3)C(C(SC4=C5SC(/C=C6C(C7=C(C/6=C(C#N)\C#N)C=CC=C7)=O)=C4)=C5S8)=C8C9=CC%10=C(C(SC%11=C%12SC(/C=C%13/C(C(C=CC=C%14)=C%14C%13=O)=C(C#N)\C#N)=C%11)=C%12C%10(C%15=CC=C(CCCCCC)C=C%15)C%16=CC=C(CCCCCC)C=C%16)C=C29)C=C1,CCCCCCc1ccc(C2=C3c4sc(-c5cc(OC)c(C=C(C#N)C#N)cc5OC)cc4SC3c3c2c2c(c4c3-c3c(sc5cc(-c6cc(OC)c(C=C(C#N)C#N)cc6OC)sc35)C4(c3ccc(CCCCCC)cc3)c3ccc(CCCCCC)c4c3C(=C3c5cc(OC)ccc5-c5c3sc(C=C3C(=CC#N)C=C6C=CC=CC63)c5C=C3C(=C(C#N)C#N)C=C5C=CC=CC53)CC4)C(c3ccc(CCCCCC)cc3)=C3c4sc(-c5cc(OC)c(C=C(C#N)C#N)cc5OC)cc4SC32)cc1,-5.54,-3.91,tensor(-5.6211),tensor(-4.8714)
CCCCCCC1=CC=C(C2(C3=CC=C(CCCCCC)C=C3)C4=CC(C(SC(C(SC(/C=C(C5=O)/C(C6=CC(F)=C(F)C=C56)=C(C#N)\C#N)=C7OC)=C7OC)=C8)=C8C9(C%10=CC=C(CCCCCC)C=C%10)C%11=CC=C(CCCCCC)C=C%11)=C9C=C4C%12=C2C=C(C(SC(/C=C(C%13=O)/C(C%14=CC(F)=C(F)C=C%13%14)=C(C#N)/C#N)=C%15OC)=C%15OC)S%12)C=C1,CCCCCCC(CCCC)Cc1cc(C=C2C(=O)C(=C(C#N)C#N)c3ccccc32)sc1-c1ccc2c(c1)C(CCCCCC)c1ccc(C=C(C#N)c3ccc(C=C4C(=O)c5ccccc5C4=C(C#N)C#N)s3)cc1-2,-5.49,-3.85,tensor(-4.9316),tensor(-4.4263)
O=C1C(/C(C2=CC(Cl)=C(Cl)C=C12)=C(C#N)\C#N)=C/C3=CC(C(C4=CC=C(CCCCCC)C=C4)(C5=CC=C(CCCCCC)C=C5)C6=C7SC8=C(C9=CC(F)=C(CC(CC)CCCC)S9)C%10=C(SC%11=C%10C(C%12=CC=C(CCCCCC)C=C%12)(C%13=CC=C(CCCCCC)C=C%13)C%14=C%11SC(/C=C(C%15=O)/C(C%16=CC(Cl)=C(Cl)C=C%15%16)=C(C#N)/C#N)=C%14)C(C%17=CC(F)=C(CC(CC)CCCC)S%17)=C68)=C7S3,CCCCCCCCCCCCCCCCCCCCCCCC1(C=O)CCC1=O,-5.7,-3.91,tensor(-5.6803),tensor(-4.1681)
CCCCCCC1=CC=C(C2(C3=CC=C(CCCCCC)S3)C(C(SC(/C=C(C4=O)\C(C5=CSC=C45)=C(C#N)/C#N)=C6)=C6S7)=C7C8=CC9=C(C(SC(/C=C(C%10=O)/C(C%11=CSC=C%10%11)=C(C#N)\C#N)=C%12)=C%12C9(C%13=CC=C(CCCCCC)S%13)C%14=CC=C(CCCCCC)S%14)C=C28)S1,CCCCCCC=C1c2cc(OC)ccc2-c2cc(OC)ccc21,-5.71,-4.01,tensor(-5.1848),tensor(-4.6386)
O=C1C(/C(C2=CC=CC=C12)=C(C#N)\C#N)=C/C3=CC4=C(C(C(C5=CC=C(CCCCCC)C=C5)(C6=CC=C(CCCCCC)C=C6)C7=CC(C(SC(/C=C(C8=O)/C(C9=CC=CC=C89)=C(C#N)/C#N)=C%10)=C%10C%11(C%12=CC=C(CCCCCC)C=C%12)C%13=CC=C(CCCCCC)C=C%13)=C%11C=C%147)=C%14S4)S3,CCCCCCc1ccc(C2=C3C=C(C=C4C(=O)C(=C(C#N)C#N)c5ccccc54)SC3c3sc4c(c32)c2c(c3sc5c(c34)C(c3ccc(CCCCCC)cc3)=C3C=C(C=C4C(=O)C(=C(C#N)C#N)c6ccccc64)SC35)SC3C2=C(C#N)c2sc(C=C4C(=O)CCC4=Cc4cc5c(s4)C=C4c6c(c7sc8c(c7c7sc9c(c67)C=C6C=C(C=C7CCC(=C(C#N)C#N)C7=O)SC69)C(c6ccc(CCCCCC)cc6)=C6C=C(C=C7C(=O)C(=C(C#N)C#N)c9ccccc97)SC68)SC45)cc23)cc1,-5.6,-3.87,tensor(-5.4560),tensor(-4.5676)
CCCCCCCCOC(C(SC(/C=C(C1=O)\C(C2=CC=CC=C12)=C(C#N)/C#N)=C3OCCCCCCCC)=C3S4)=C4C5=CC=C6C(C7(C8=CC(C(SC9=C%10SC(/C=C(C%11=O)/C(C%12=CC=CC=C%11%12)=C(C#N)\C#N)=C9OCCCCCCCC)=C%10OCCCCCCCC)=CC=C68)C%13=CC(C(SC%14=C%15SC(/C=C(C%16=O)\C(C%17=CC=CC=C%16%17)=C(C#N)/C#N)=C%14OCCCCCCCC)=C%15OCCCCCCCC)=CC=C%13C%18=CC=C(C(SC%19=C%20SC(/C=C(C%21=O)/C(C%22=CC=CC=C%21%22)=C(C#N)/C#N)=C%19OCCCCCCCC)=C%20OCCCCCCCC)C=C7%18)=C5,CCCCCCCCCCCCCCOc1ccc2c(c1)C(=C1c3cc(OCCCCCCCCCCCCCC)ccc3-c3cccc(OCCCCCCCCCCCCC4CSC=C4C=C4CCC(=C(C#N)C#N)C4=O)c31)c1ccc(OCCCCCCCCCCCCCC)cc1-2,-4.01,-5.81,tensor(-5.4605),tensor(-4.7650)
CCCCCC[Si]1(C(C(SC(C2=C3C=C(/C=C4/C(C(C=CC=C5)=C5C4=O)=C(C#N)/C#N)S2)=C6[Si]3(CCCCCC)CCCCCC)=C6S7)=C7C8=C1C=C(/C=C9/C(C(C=CC=C%10)=C%10C9=O)=C(C#N)/C#N)S8)CCCCCC,CCCCCCCc1c([Si]2(CCCCCC)C=Cc3c2sc2c4c(sc32)[Si](CCCCCC)(CCCCCC)c2sc(C=C3C(=O)c5ccccc5C3=C(C#N)C#N)cc2-4)c2c3c(sc2c2c4c(sc12)C1SC(C=C2C(=O)C(C(C#N)C#N)c5cc(Cl)c(Cl)cc52)=CC1=C4c1ccc(CCCCCC)cc1)C1SC(C=C2C(=O)C(C(C#N)C#N)c4cc(Cl)c(Cl)cc42)=CC1=C3c1ccc(CCCCCC)cc1,-5.58,-4.21,tensor(-5.3069),tensor(-4.5978)
CCCCCCCCC1=C2C(C(C3=CC=C(CCCCCC)C=C3)(C4=CC=C(CCCCCC)C=C4)C5=C6SC(/C=C(C7=O)\C(C8=CC=CC=C78)=C(C#N)/C#N)=C5)=C6SC2=C(CCCCCCCC)C9=C1SC%10=C9C(C%11=CC=C(CCCCCC)C=C%11)(C%12=CC=C(CCCCCC)C=C%12)C%13=C%10SC(/C=C(C%14=O)/C(C%15=CC=CC=C%14%15)=C(C#N)/C#N)=C%13,CCCCCCCCc1c(C=C(C#N)C#N)c2c3c(sc2c2c4c(sc12)C1SC(C=C2C(=O)C(C(C#N)C#N)c5cc(Cl)c(Cl)cc52)=CC1=C4c1ccc(CCCCCC)cc1)C1SC(C=C2C(=O)C(C(C#N)C#N)c4cc(Cl)c(Cl)cc42)=CC1=C3c1ccc(CCCCCC)cc1,-5.36,-3.89,tensor(-5.4658),tensor(-4.5100)
CCCCCCOC1=CC=CC(C2(C3=CC(OCCCCCC)=CC=C3)C(C(SC(/C=C(C4=O)\C(C5=CC(Cl)=C(Cl)C=C45)=C(C#N)/C#N)=C6)=C6S7)=C7C8=CC9=C(C(SC%10=C%11SC(/C=C(C%12=O)/C(C%13=CC(Cl)=C(Cl)C=C%12%13)=C(C#N)/C#N)=C%10)=C%11C9(C%14=CC(OCCCCCC)=CC=C%14)C%15=CC(OCCCCCC)=CC=C%15)C=C28)=C1,CCCCCCCCc1c(COCCCCCC)c2c3c(sc2c2c4c(sc12)C1SC(C=C2C(=O)C(C(C#N)C#N)c5cc(Cl)c(Cl)cc52)=CC1=C4c1ccc(CCCCCC)cc1)C1SC(C=C2C(=O)C(C(C#N)C#N)c4cc(Cl)c(Cl)cc42)=CC1=C3c1ccc(CCCCCC)cc1,-5.78,-4.05,tensor(-5.5401),tensor(-4.5438)
O=C(N(C1=O)CC(CC)CCCC)C2=C(C3=CC=C(C4=CC=C(N(C5=CC=C(C6=CC=C(C7=C(C(N(CC(CC)CCCC)C8=O)=O)C(C8=CC=C9C%10=C%11OCCOC)=C9C(C%12=CC=C(C%13=O)C(C(C(N%13CC(CC)CCCC)=O)=C%11)=C%12%10)=C7)S6)C=C5)C%14=CC=C(C%15=CC=C(C%16=C(C(N(CC(CC)CCCC)C%17=O)=O)C(C%17=CC=C%18C%19=C%20OCCOC)=C%18C(C%21=CC=C(C%22=O)C(C(C(N%22CC(CC)CCCC)=O)=C%20)=C%21%19)=C%16)S%15)C=C%14)C=C4)S3)C=C(C%23=CC=C(C%24=O)C%25=C%23%26)C%27=C2C1=CC=C%27C%26=C(C=C%25C(N%24CC(CC)CCCC)=O)OCCOC,N#CC(=Cc1ccc(C=C2c3ccc(N(c4ccccc4)c4ccccc4)cc3-c3c(C=C=O)cccc32)s1)C(=O)O,-5.6,-3.8,tensor(-5.4037),tensor(-4.0678)
CCC(N1C(/C=C/C2=CC=C(/C=C/C3=NC(C#N)=C(C#N)N3C(CC)CCCC)C4=NSN=C24)=NC(C#N)=C1C#N)CCCC,CCCCC(C=O)CC,-6.1,-3.6,tensor(-0.2428),tensor(-1.5569)
O=C1C(/C(C2=CSC(C)=C12)=C(C#N)\C#N)=C\C3=CC(C(C4=CC=C(CCCCCC)C=C4)(C5=CC=C(CCCCCC)C=C5)C6=C7SC8=C(C9=CC=C(CC(CC)CCCC)S9)C%10=C(SC%11=C%10C(C%12=CC=C(CCCCCC)C=C%12)(C%13=CC=C(CCCCCC)C=C%13)C%14=C%11SC(/C=C(C%15=O)\C(C%16=CSC(C)=C%15%16)=C(C#N)\C#N)=C%14)C(C%17=CC=C(CC(CC)CCCC)S%17)=C68)=C7S3,CCCCCCCC1(C=O)CCC1CCC,-5.59,-3.86,tensor(-5.5567),tensor(-4.4002)
CCC(CCCC)COC1=C2C(C(C3=CC=C(CCCCCC)C=C3)(C4=CC=C(CCCCCC)C=C4)C5=C6SC(/C=C(C7=O)/C(C8=CSC(C)=C78)=C(C#N)\C#N)=C5)=C6SC2=C(OCC(CC)CCCC)C9=C1SC%10=C9C(C%11=CC=C(CCCCCC)C=C%11)(C%12=CC=C(CCCCCC)C=C%12)C%13=C%10SC(/C=C(C%14=O)\C(C%15=CSC(C)=C%14%15)=C(C#N)/C#N)=C%13,CCCCCCc1ccc(C2=C3C=C(C=C4C(=O)C(=C(C#N)C#N)c5csc(C)c54)SC3c3sc4c(c32)c(C(c2ccc(C=C(C#N)C#N)cc2)c2cccc(CCCCCC)c2)c(OCC(CC)CCCC)c2sc3c(c24)C(c2ccc(CCCCCC)cc2)=C2C=C(C=C4C(=O)C(=C(C#N)C#N)c5csc(C)c54)SC23)cc1,-5.42,-3.94,tensor(-4.6446),tensor(-4.8568)
CCCCCCC1=CC=C(C2(C3=CC=C(CCCCCC)C=C3)C(C(SC(C(C=C(OC)C(/C=C(C#N)/C#N)=C4)=C4OC)=C5)=C5S6)=C6C7=CC8=C(C(SC9=C%10SC(C(C=C(OC)C(/C=C(C#N)/C#N)=C%11)=C%11OC)=C9)=C%10C8(C%12=CC=C(CCCCCC)C=C%12)C%13=CC=C(CCCCCC)C=C%13)C=C27)C=C1,CCCCCCc1ccc(C2=C3c4sc(-c5cc(OC)c(C=C(C#N)C#N)cc5OC)cc4SC3c3cc4c(cc32)C2(CCc3ccc(C(C#N)=Cc5ccc(-c6cccc7c6C(=O)C(=C6C(=O)N(C)c8ccccc86)N7C)s5)cc3)CCc3cc5c(cc3C2(CC)c2cc3c(cc2-4)C(c2ccc(CCCCCC)cc2)=C2c4sc(-c6cc(OC)c(C=C(C#N)C#N)cc6OC)cc4SC23)C2Sc3cc(-c4cc(OC)c(C=C(C#N)C#N)cc4OC)sc3C2=C5c2ccc(CCCCCC)cc2)cc1,-5.98,-3.81,tensor(-5.3916),tensor(-4.4355)
CCCCCCC1(C2=CC(C(SC(/C=C(C3=O)/C(C4=CC(Cl)=C(Cl)C=C34)=C(C#N)\C#N)=C5)=C5C6(CCCCCC)CCCCCC)=C6C=C2C7=C1C=C(/C=C(C8=O)/C(C9=CC(Cl)=C(Cl)C=C89)=C(C#N)\C#N)S7)CCCCCC,CCCCCCc1ccc(C2=C3C=C(C=C4C(=O)C(=C(C#N)C#N)c5cc(Cl)c(Cl)cc54)SC3c3sc4c(-c5cc(CC(CC)CCCC)c(Cl)s5)cc5c(c4c32)C2=Cc3sc(C=C4CCC(CCCCCC)C4=Cc4cc6c(s4)C(C#N)=C4c7c(cc(-c8cc(CC(CC)CCCC)c(Cl)s8)c8sc9c(c78)C(c7ccc(CCCCCC)cc7)=C7C=C(C=C8C(=O)C(=C(C#N)C#N)c%10cc(Cl)c(Cl)cc%108)SC79)SC46)cc3C2S5)cc1,-4.01,-5.81,tensor(-4.7104),tensor(-3.1917)
