original,reconstructed,org_homo,org_lumo,homo,lumo
O=C(N1CC(CCCC)CCCCCC)/C(C2=CC=C(C(SC(/C=C(C3=O)/C(C4=CC=CC=C34)=C(C#N)\C#N)=C5)=C5CC(CCCC)CCCCCC)C=C12)=C6C7=CC=C(C(SC(/C=C(C8=O)/C(C9=CC=CC=C89)=C(C#N)\C#N)=C%10)=C%10CC(CCCC)CCCCCC)C=C7N(CC(CCCC)CCCCCC)C\6=O,N#CCO,-5.99,-3.95,tensor(-0.2600),tensor(0.0151)
CCCCCCCCC1=C2C(C(C3=CC=C(CCCCCC)C=C3)(C4=CC=C(CCCCCC)C=C4)C5=C6SC(/C=C(C7=O)\C(C8=CC(Cl)=C(Cl)C=C78)C(C#N)C#N)=C5)=C6SC2=C(CCCCCCCC)C9=C1SC%10=C9C(C%11=CC=C(CCCCCC)C=C%11)(C%12=CC=C(CCCCCC)C=C%12)C%13=C%10SC(/C=C(C%14=O)/C(C%15=CC(Cl)=C(Cl)C=C%14%15)=C(C#N)/C#N)=C%13,N#CCO,-5.6,-4.02,tensor(-0.2595),tensor(0.0150)
CCCCCCC1=CC=C(C2(C3=CC=C(CCCCCC)C=C3)C4=CC(C(SC(C5=CC(C6(CCCCCCCC)CCCCCCCC)=C(C7=C6C=C(/C=C(C8=O)/C(C9=CC(Cl)=C(Cl)C=C89)=C(C#N)/C#N)S7)S5)=C%10)=C%10C%11(C%12=CC=C(CCCCCC)C=C%12)C%13=CC=C(CCCCCC)C=C%13)=C%11C=C4C%14=C2C=C(C%15=CC(C%16(CCCCCCCC)CCCCCCCC)=C(C%17=C%16C=C(/C=C(C%18=O)/C(C%19=CC(Cl)=C(Cl)C=C%18%19)=C(C#N)\C#N)S%17)S%15)S%14)C=C1,N#CCO,-5.5,-3.79,tensor(-0.2592),tensor(0.0161)
O=C1C(/C(C2=CSC=C12)=C(C#N)\C#N)=C/C3=CC(C(C4=CC=C(CCCCCC)C=C4)(C5=CC=C(CCCCCC)C=C5)C6=CC7=C(C(C8=CC=C(CCCCCC)C=C8)(C9=CC=C(CCCCCC)C=C9)C%10=C7SC(/C=C(C%11=O)/C(C%12=CSC=C%11%12)=C(C#N)\C#N)=C%10)C=C%136)=C%13S3,N#CCO,-5.87,-3.92,tensor(-0.2598),tensor(0.0151)
O=C1C(/C(C2=CSC=C12)=C(C#N)\C#N)=C/C3=CC4=C(C(C(C5=CC=C(CCCCCC)C=C5)(C6=CC=C(CCCCCC)C=C6)C7=CC(C(SC(/C=C(C8=O)/C(C9=CSC=C89)=C(C#N)\C#N)=C%10)=C%10C%11(C%12=CC=C(CCCCCC)C=C%12)C%13=CC=C(CCCCCC)C=C%13)=C%11C=C%147)=C%14S4)S3,N#CCO,-5.68,-3.97,tensor(-0.2597),tensor(0.0151)
O=C1C(/C(C2=CSC=C12)=C(C#N)\C#N)=C/C3=CC4C(C(C(C5=CC=C(CCCCCC)C=C5)(C6=CC=C(CCCCCC)C=C6)C7=CC(C(SC8=C9SC(/C=C(C%10=O)/C(C%11=CSC=C%10%11)=C(C#N)\C#N)=C8)=C9C%12(C%13=CC=C(CCCCCC)C=C%13)C%14=CC=C(CCCCCC)C=C%14)=C%12C=C%157)=C%15S4)S3,N#CCO,-5.61,-3.96,tensor(-0.2598),tensor(0.0151)
O=C(C(/C1=C(C#N)/C#N)=C\C2=CC(C(C3=CC=C(CCCCCC)C=C3)(C4=CC=C(CCCCCC)C=C4)C5=C6SC7=C5C(C8=CC=C(CC(CC)CCCC)S8)=C(SC9=C%10C(C%11=CC=C(CCCCCC)C=C%11)(C%12=CC=C(CCCCCC)C=C%12)C%13=C9SC(/C=C%14\C(C(C=CC=C%15)=C%15C%14=O)=C(C#N)\C#N)=C%13)C%10=C7C%16=CC=C(CC(CC)CCCC)S%16)=C6S2)C%17=C1C=CC=C%17,N#CCO,-5.59,-3.91,tensor(-0.2593),tensor(0.0149)
CCCCCCC1=CC=C(S1)C2(C(S3)=CC=C3CCCCCC)C(C(SC(/C=C(C4=O)/C(C5=CSC=C45)=C(C#N)\C#N)=C6)=C6S7)=C7C8=CC9=C(C(SC(/C=C(C%10=O)/C(C%11=CSC=C%10%11)=C(C#N)\C#N)=C%12)=C%12C9(C(S%13)=CC=C%13CCCCCC)C(S%14)=CC=C%14CCCCCC)C=C28,N#CCO,-5.71,-4.01,tensor(-0.2594),tensor(0.0159)
CCCCCCC1=CC=C(C=C1)C2(C(C=C3)=CC=C3CCCCCC)C(C(SC(/C=C(C4=O)/C(C5=CC=CC=C45)=C(C#N)\C#N)=C6)=C6S7)=C7C8=CC9=C(C(SC(/C=C(C%10=O)/C(C%11=CC=CC=C%10%11)=C(C#N)\C#N)=C%12)=C%12C9(C(C=C%13)=CC=C%13CCCCCC)C(C=C%14)=CC=C%14CCCCCC)C=C28,N#CCO,-5.6,-3.87,tensor(-0.2592),tensor(0.0161)
O=C1C(/C(C2=CC(Cl)=C(Cl)C=C12)=C(C#N)/C#N)=C/C3=CC(C(C4=CC=C(CCCCCC)C=C4)(C5=CC=C(CCCCCC)C=C5)C6=C7SC8=C(C9=CC=C(CC(CC)CCCC)S9)C%10=C(SC%11=C%10C(C%12=CC=C(CCCCCC)C=C%12)(C%13=CC=C(CCCCCC)C=C%13)C%14=C%11SC(/C=C(C%15=O)/C(C%16=CC(Cl)=C(Cl)C=C%15%16)=C(C#N)/C#N)=C%14)C(C%17=CC=C(CC(CC)CCCC)S%17)=C68)=C7S3,N#CCO,-5.67,-3.9,tensor(-0.2598),tensor(0.0151)
O=C1C(/C(C2=CC(Cl)=C(Cl)C=C12)=C(C#N)/C#N)=C/C3=CC(C(C4=CC=C(CCCCCC)C=C4)(C5=CC=C(CCCCCC)C=C5)C6=C7SC8=C(C9=CC(F)=C(CC(CC)CCCC)S9)C%10=C(SC%11=C%10C(C%12=CC=C(CCCCCC)C=C%12)(C%13=CC=C(CCCCCC)C=C%13)C%14=C%11SC(/C=C(C%15=O)/C(C%16=CC(Cl)=C(Cl)C=C%15%16)=C(C#N)/C#N)=C%14)C(C%17=CC(F)=C(CC(CC)CCCC)S%17)=C68)=C7S3,N#CCO,-5.7,-3.91,tensor(-0.2600),tensor(0.0150)
O=C1C(/C(C2=CC(Cl)=C(Cl)C=C12)=C(C#N)\C#N)=C/C3=CC(C(C4=CC=C(CCCCCC)C=C4)(C5=CC=C(CCCCCC)C=C5)C6=C7SC8=C(C9=CC(Cl)=C(CC(CC)CCCC)S9)C%10=C(SC%11=C%10C(C%12=CC=C(CCCCCC)C=C%12)(C%13=CC=C(CCCCCC)C=C%13)C%14=C%11SC(/C=C(C%15=O)/C(C%16=CC(Cl)=C(Cl)C=C%15%16)=C(C#N)/C#N)=C%14)C(C%17=CC(Cl)=C(CC(CC)CCCC)S%17)=C68)=C7S3,N#CCO,-5.72,-3.92,tensor(-0.2599),tensor(0.0151)
CCC(CCCC)COC1=C2C(C(C3=CC=C(CCCCCC)C=C3)(C4=CC=C(CCCCCC)C=C4)C5=C6SC(/C=C7C8=NC(C#N)=C(C#N)N=C8C9=CC=CC=C\79)=C5)=C6SC2=C(OCC(CC)CCCC)C%10=C1SC%11=C%10C(C%12=CC=C(CCCCCC)C=C%12)(C%13=CC=C(CCCCCC)C=C%13)C%14=C%11SC(/C=C%15C%16=NC(C#N)=C(C#N)N=C%16C%17=CC=CC=C/%15%17)=C%14,N#CCO,-5.47,-3.79,tensor(-0.2595),tensor(0.0149)
CCC(CCCC)COC1=C2C(C(C3=CC=C(CCCCCC)C=C3)(C4=CC=C(CCCCCC)C=C4)C5=C6SC(/C=C(C7=O)\C(C8=CC=CC=C78)=C(C#N)\C#N)=C5)=C6SC2=C(OCC(CC)CCCC)C9=C1SC%10=C9C(C%11=CC=C(CCCCCC)C=C%11)(C%12=CC=C(CCCCCC)C=C%12)C%13=C%10SC(/C=C(C%14=O)/C(C%15=CC=CC=C%14%15)=C(C#N)/C#N)=C%13,N#CCO,-5.39,-3.87,tensor(-0.2595),tensor(0.0149)
C1(C2=C/3C=CC=C2)=CC=CC=C1C3=C4C5=C(C=CC=C5)C6=CC=CC=C6\4,N#CCO,-5.58,-3.37,tensor(-0.2625),tensor(0.0146)
COC1=CC=C2C(C3=CC(OC)=CC=C3/C2=C4C5=CC=C(OC)C=C5C6=CC(OC)=CC=C\46)=C1,N#CCO,-5.11,-3.11,tensor(-0.2605),tensor(0.0149)
CCCCCCCCCCCCCCOC1=CC=C2C(C3=CC(OCCCCCCCCCCCCCC)=CC=C3/C2=C4C5=CC=C(OCCCCCCCCCCCCCC)C=C5C6=CC(OCCCCCCCCCCCCCC)=CC=C\46)=C1,N#CCO,-5.06,-3.09,tensor(-0.2594),tensor(0.0151)
C1(/C2=CC3=CC=CC=C3C=C2C4=CC5=CC=CC=C5C=C14)=C6C7=CC=CC=C7C8=CC=CC=C\68,N#CCO,-5.41,-3.36,tensor(-0.2585),tensor(0.0150)
COC1=CC=C2C(C3=CC(OC)=CC=C3/C2=C4C5=CC6=CC=CC=C6C=C5C7=CC8=CC=CC=C8C=C\47)=C1,N#CCO,-5.17,-3.24,tensor(-0.2608),tensor(0.0150)
C1(/C2=CC3=CC=CC=C3C=C2C4=C1C=C(C=CC=C5)C5=C4)=C6C7=CC8=CC=CC=C8C=C7C9=C\6C=C(C=CC=C%10)C%10=C9,N#CCO,-5.25,-3.35,tensor(-0.2585),tensor(0.0150)
COC1=CC=C2C(/C(C3=CC(OC)=CC=C23)=C4C5=CC(OC)=CC=C5C6=CC=C(OC)C=C/46)=C1,N#CCO,-5.38,-3.39,tensor(-0.2604),tensor(0.0148)
CCC(CCCC)CN1C(C(C(C2=CC=C(CCCCCC)C=C2)(C3=CC=C(CCCCCC)C=C3)C4=CC(C(SC(/C=C(C5=O)/C(C6=CC=CC=C56)=C(C#N)/C#N)=C7)=C7C8(C9=CC=C(CCCCCC)C=C9)C%10=CC=C(CCCCCC)C=C%10)=C8C=C%114)=C%11S%12)=C%12C%13=C1C=C(/C=C(C%14=O)/C(C%15=CC=CC=C%14%15)=C(C#N)\C#N)S%13,N#CCO,-5.3,-3.85,tensor(-0.2595),tensor(0.0149)
CCC(CCCC)CN1C(C(C(C2=CC=C(CCCCCC)C=C2)(C3=CC=C(CCCCCC)C=C3)C4=CC(C(SC(/C=C(C5=O)\C(C6=CC=C(Cl)C=C56)=C(C#N)\C#N)=C7)=C7C8(C9=CC=C(CCCCCC)C=C9)C%10=CC=C(CCCCCC)C=C%10)=C8C=C%114)=C%11S%12)=C%12C%13=C1C=C(/C=C(C%14=O)/C(C%15=CC=C(Cl)C=C%14%15)=C(C#N)/C#N)S%13,N#CCO,-5.36,-3.92,tensor(-0.2595),tensor(0.0149)
CCC(CCCC)CN1C(C(C(C2=CC=C(CCCCCC)C=C2)(C3=CC=C(CCCCCC)C=C3)C4=CC(C(SC(/C=C(C5=O)/C(C6=CC(Cl)=C(Cl)C=C56)=C(C#N)/C#N)=C7)=C7C8(C9=CC=C(CCCCCC)C=C9)C%10=CC=C(CCCCCC)C=C%10)=C8C=C%114)=C%11S%12)=C%12C%13=C1C=C(/C=C(C%14=O)/C(C%15=CC(Cl)=C(Cl)C=C%14%15)=C(C#N)\C#N)S%13,N#CCO,-5.35,-3.97,tensor(-0.2595),tensor(0.0149)
CCCCCCC1=CC=C(C=C1)C(C2=CC(C(SC3=C4SC5=C3C(C=C6C7=O)=C8C9=C5C=C%10C%11=C9C(C%12=CC=C(C(N7C(CCCCC)CCCCC)=O)C6=C%128)=CC=C%11C(N(C%10=O)C(CCCCC)CCCCC)=O)=C4C%13(C%14=CC=C(CCCCCC)C=C%14)C%15=CC=C(CCCCCC)C=C%15)=C%13C=C%162)(C%17=CC=C(CCCCCC)C=C%17)C%18=C%16SC%19=C%18SC%20=C%19C%21=C%22C%23=C(C%24=CC=C%23C%25=CC=C(C%26=O)C%27=C%25C%22=C%20C=C%27C(N%26C(CCCCC)CCCCC)=O)C(C(N(C%24=O)C(CCCCC)CCCCC)=O)=C%21,N#CCO,-5.58,-3.87,tensor(-0.2592),tensor(0.0161)
O=C1C(/C(C2=CC=CC=C12)=C(C#N)/C#N)=C/C3=CC(C(C4=CC=C(CCCCCC)C=C4)(C5=CC=C(CCCCCC)C=C5)C6=C7SC8=CC9=C(SC%10=C9C(C%11=CC=C(CCCCCC)C=C%11)(C%12=CC=C(CCCCCC)C=C%12)C%13=C%10SC(/C=C(C%14=O)/C(C%15=CC=CC=C%14%15)=C(C#N)/C#N)=C%13)C=C68)=C7S3,N#CCO,-5.4,-3.83,tensor(-0.2598),tensor(0.0151)
O=C(N1CC(CC)CCCC)C2=C(C3=CC=C(C4=CC=C(C(N5CC(CC)CCCC)=O)C6=C4C=CC=C6C5=O)S3)C7=NSN=C7C(C8=CC=C(C9=CC=C(C(N%10CC(CC)CCCC)=O)C%11=C9C=CC=C%11C%10=O)S8)=C2C1=O,N#CCO,-5.62,-3.65,tensor(-0.2600),tensor(0.0151)
O=C(N(C1=O)C(CCCCCC)CCCCCC)C2=CC(C3=CC=C4C(C5(C6=CC(C7=C(C8=CC=C(C(N9C(CCCCCC)CCCCCC)=O)C%10=C8C%11=CC=C%10C9=O)C(C%11=CC=C%12C%13=O)=C%12C(C(N%13C(CCCCCC)CCCCCC)=O)=C7)=CC=C46)C%14=CC(C%15=C(C%16=CC=C(C(N%17C(CCCCCC)CCCCCC)=O)C%18=C%16C%19=CC=C%18C%17=O)C(C%19=CC=C%20C%21=O)=C%20C(C(N%21C(CCCCCC)CCCCCC)=O)=C%15)=CC=C%14C%22=CC=C(C%23=C(C%24=CC=C(C(N%25C(CCCCCC)CCCCCC)=O)C%26=C%24C%27=CC=C%26C%25=O)C(C%27=CC=C%28C%29=O)=C%28C(C(N%29C(CCCCCC)CCCCCC)=O)=C%23)C=C5%22)=C3)=C%30C%31=C2C1=CC=C%31C%32=CC=C(C%33=O)C%34=C%32C%30=CC=C%34C(N%33C(CCCCCC)CCCCCC)=O,N#CCO,-5.97,-3.78,tensor(-0.2599),tensor(0.0151)
O=C(N1CC(CCCC)CCCCCC)/C(C2=CC=C(C3=C(CC(CCCC)CCCCCC)C=C(/C=C(C4=O)\C(C5=CC=CC=C45)=C(C#N)/C#N)S3)C=C12)=C6C7=CC=C(C8=C(CC(CCCC)CCCCCC)C=C(/C=C(C9=O)/C(C%10=CC=CC=C9%10)=C(C#N)\C#N)S8)C=C7N(CC(CCCC)CCCCCC)C\6=O,N#CCO,-5.99,-3.95,tensor(-0.2600),tensor(0.0151)
O=C(N1CC(CCCC)CCCCCC)/C(C2=CC=C(C(SC(/C=C(C3=O)\C(C4=CC=CC=C34)=C(C#N)\C#N)=C5)=C5OCC(CCCC)CCCCCC)C=C12)=C6C7=CC=C(C(SC(/C=C(C8=O)/C(C9=CC=CC=C89)=C(C#N)\C#N)=C%10)=C%10OCC(CCCC)CCCCCC)C=C7N(CC(CCCC)CCCCCC)C\6=O,N#CCO,-5.74,-3.93,tensor(-0.2600),tensor(0.0151)
CCCCCCC1=CC=C(C2(C3=CC=C(CCCCCC)C=C3)C(C=C(/C=C4C(C5=C(C/4=C(C#N)/C#N)C=CC=C5)=O)S6)=C6C7=CC8=C(C(SC9=C%10SC(/C=C%11/C(C(C=CC=C%12)=C%12C%11=O)=C(C#N)\C#N)=C9)=C%10C8(C%13=CC=C(CCCCCC)C=C%13)C%14=CC=C(CCCCCC)C=C%14)C=C27)C=C1,N#CCO,-5.62,-3.9,tensor(-0.2592),tensor(0.0160)
CCCCCCC1=CC=C(C2(C3=CC=C(CCCCCC)C=C3)C(C(SC4=C5SC(/C=C6C(C7=C(C/6=C(C#N)\C#N)C=CC=C7)=O)=C4)=C5S8)=C8C9=CC%10=C(C(SC%11=C%12SC(/C=C%13/C(C(C=CC=C%14)=C%14C%13=O)=C(C#N)\C#N)=C%11)=C%12C%10(C%15=CC=C(CCCCCC)C=C%15)C%16=CC=C(CCCCCC)C=C%16)C=C29)C=C1,N#CCO,-5.54,-3.91,tensor(-0.2592),tensor(0.0161)
CCCCCCC1=CC=C(C2(C3=CC=C(CCCCCC)C=C3)C4=CC(C(SC(C(SC(/C=C(C5=O)/C(C6=CC(F)=C(F)C=C56)=C(C#N)\C#N)=C7OC)=C7OC)=C8)=C8C9(C%10=CC=C(CCCCCC)C=C%10)C%11=CC=C(CCCCCC)C=C%11)=C9C=C4C%12=C2C=C(C(SC(/C=C(C%13=O)/C(C%14=CC(F)=C(F)C=C%13%14)=C(C#N)/C#N)=C%15OC)=C%15OC)S%12)C=C1,N#CCO,-5.49,-3.85,tensor(-0.2593),tensor(0.0160)
O=C1C(/C(C2=CC(Cl)=C(Cl)C=C12)=C(C#N)\C#N)=C/C3=CC(C(C4=CC=C(CCCCCC)C=C4)(C5=CC=C(CCCCCC)C=C5)C6=C7SC8=C(C9=CC(F)=C(CC(CC)CCCC)S9)C%10=C(SC%11=C%10C(C%12=CC=C(CCCCCC)C=C%12)(C%13=CC=C(CCCCCC)C=C%13)C%14=C%11SC(/C=C(C%15=O)/C(C%16=CC(Cl)=C(Cl)C=C%15%16)=C(C#N)/C#N)=C%14)C(C%17=CC(F)=C(CC(CC)CCCC)S%17)=C68)=C7S3,N#CCO,-5.7,-3.91,tensor(-0.2600),tensor(0.0150)
CCCCCCC1=CC=C(C2(C3=CC=C(CCCCCC)S3)C(C(SC(/C=C(C4=O)\C(C5=CSC=C45)=C(C#N)/C#N)=C6)=C6S7)=C7C8=CC9=C(C(SC(/C=C(C%10=O)/C(C%11=CSC=C%10%11)=C(C#N)\C#N)=C%12)=C%12C9(C%13=CC=C(CCCCCC)S%13)C%14=CC=C(CCCCCC)S%14)C=C28)S1,N#CCO,-5.71,-4.01,tensor(-0.2594),tensor(0.0159)
O=C1C(/C(C2=CC=CC=C12)=C(C#N)\C#N)=C/C3=CC4=C(C(C(C5=CC=C(CCCCCC)C=C5)(C6=CC=C(CCCCCC)C=C6)C7=CC(C(SC(/C=C(C8=O)/C(C9=CC=CC=C89)=C(C#N)/C#N)=C%10)=C%10C%11(C%12=CC=C(CCCCCC)C=C%12)C%13=CC=C(CCCCCC)C=C%13)=C%11C=C%147)=C%14S4)S3,N#CCO,-5.6,-3.87,tensor(-0.2598),tensor(0.0152)
CCCCCCCCOC(C(SC(/C=C(C1=O)\C(C2=CC=CC=C12)=C(C#N)/C#N)=C3OCCCCCCCC)=C3S4)=C4C5=CC=C6C(C7(C8=CC(C(SC9=C%10SC(/C=C(C%11=O)/C(C%12=CC=CC=C%11%12)=C(C#N)\C#N)=C9OCCCCCCCC)=C%10OCCCCCCCC)=CC=C68)C%13=CC(C(SC%14=C%15SC(/C=C(C%16=O)\C(C%17=CC=CC=C%16%17)=C(C#N)/C#N)=C%14OCCCCCCCC)=C%15OCCCCCCCC)=CC=C%13C%18=CC=C(C(SC%19=C%20SC(/C=C(C%21=O)/C(C%22=CC=CC=C%21%22)=C(C#N)/C#N)=C%19OCCCCCCCC)=C%20OCCCCCCCC)C=C7%18)=C5,N#CCO,-4.01,-5.81,tensor(-0.2595),tensor(0.0150)
CCCCCC[Si]1(C(C(SC(C2=C3C=C(/C=C4/C(C(C=CC=C5)=C5C4=O)=C(C#N)/C#N)S2)=C6[Si]3(CCCCCC)CCCCCC)=C6S7)=C7C8=C1C=C(/C=C9/C(C(C=CC=C%10)=C%10C9=O)=C(C#N)/C#N)S8)CCCCCC,N#CCO,-5.58,-4.21,tensor(-0.2596),tensor(0.0149)
CCCCCCCCC1=C2C(C(C3=CC=C(CCCCCC)C=C3)(C4=CC=C(CCCCCC)C=C4)C5=C6SC(/C=C(C7=O)\C(C8=CC=CC=C78)=C(C#N)/C#N)=C5)=C6SC2=C(CCCCCCCC)C9=C1SC%10=C9C(C%11=CC=C(CCCCCC)C=C%11)(C%12=CC=C(CCCCCC)C=C%12)C%13=C%10SC(/C=C(C%14=O)/C(C%15=CC=CC=C%14%15)=C(C#N)/C#N)=C%13,N#CCO,-5.36,-3.89,tensor(-0.2595),tensor(0.0150)
CCCCCCOC1=CC=CC(C2(C3=CC(OCCCCCC)=CC=C3)C(C(SC(/C=C(C4=O)\C(C5=CC(Cl)=C(Cl)C=C45)=C(C#N)/C#N)=C6)=C6S7)=C7C8=CC9=C(C(SC%10=C%11SC(/C=C(C%12=O)/C(C%13=CC(Cl)=C(Cl)C=C%12%13)=C(C#N)/C#N)=C%10)=C%11C9(C%14=CC(OCCCCCC)=CC=C%14)C%15=CC(OCCCCCC)=CC=C%15)C=C28)=C1,N#CCO,-5.78,-4.05,tensor(-0.2594),tensor(0.0151)
O=C(N(C1=O)CC(CC)CCCC)C2=C(C3=CC=C(C4=CC=C(N(C5=CC=C(C6=CC=C(C7=C(C(N(CC(CC)CCCC)C8=O)=O)C(C8=CC=C9C%10=C%11OCCOC)=C9C(C%12=CC=C(C%13=O)C(C(C(N%13CC(CC)CCCC)=O)=C%11)=C%12%10)=C7)S6)C=C5)C%14=CC=C(C%15=CC=C(C%16=C(C(N(CC(CC)CCCC)C%17=O)=O)C(C%17=CC=C%18C%19=C%20OCCOC)=C%18C(C%21=CC=C(C%22=O)C(C(C(N%22CC(CC)CCCC)=O)=C%20)=C%21%19)=C%16)S%15)C=C%14)C=C4)S3)C=C(C%23=CC=C(C%24=O)C%25=C%23%26)C%27=C2C1=CC=C%27C%26=C(C=C%25C(N%24CC(CC)CCCC)=O)OCCOC,N#CCO,-5.6,-3.8,tensor(-0.2598),tensor(0.0152)
CCC(N1C(/C=C/C2=CC=C(/C=C/C3=NC(C#N)=C(C#N)N3C(CC)CCCC)C4=NSN=C24)=NC(C#N)=C1C#N)CCCC,N#CCO,-6.1,-3.6,tensor(-0.2595),tensor(0.0149)
O=C1C(/C(C2=CSC(C)=C12)=C(C#N)\C#N)=C\C3=CC(C(C4=CC=C(CCCCCC)C=C4)(C5=CC=C(CCCCCC)C=C5)C6=C7SC8=C(C9=CC=C(CC(CC)CCCC)S9)C%10=C(SC%11=C%10C(C%12=CC=C(CCCCCC)C=C%12)(C%13=CC=C(CCCCCC)C=C%13)C%14=C%11SC(/C=C(C%15=O)\C(C%16=CSC(C)=C%15%16)=C(C#N)\C#N)=C%14)C(C%17=CC=C(CC(CC)CCCC)S%17)=C68)=C7S3,N#CCO,-5.59,-3.86,tensor(-0.2598),tensor(0.0151)
CCC(CCCC)COC1=C2C(C(C3=CC=C(CCCCCC)C=C3)(C4=CC=C(CCCCCC)C=C4)C5=C6SC(/C=C(C7=O)/C(C8=CSC(C)=C78)=C(C#N)\C#N)=C5)=C6SC2=C(OCC(CC)CCCC)C9=C1SC%10=C9C(C%11=CC=C(CCCCCC)C=C%11)(C%12=CC=C(CCCCCC)C=C%12)C%13=C%10SC(/C=C(C%14=O)\C(C%15=CSC(C)=C%14%15)=C(C#N)/C#N)=C%13,N#CCO,-5.42,-3.94,tensor(-0.2595),tensor(0.0149)
CCCCCCC1=CC=C(C2(C3=CC=C(CCCCCC)C=C3)C(C(SC(C(C=C(OC)C(/C=C(C#N)/C#N)=C4)=C4OC)=C5)=C5S6)=C6C7=CC8=C(C(SC9=C%10SC(C(C=C(OC)C(/C=C(C#N)/C#N)=C%11)=C%11OC)=C9)=C%10C8(C%12=CC=C(CCCCCC)C=C%12)C%13=CC=C(CCCCCC)C=C%13)C=C27)C=C1,N#CCO,-5.98,-3.81,tensor(-0.2592),tensor(0.0160)
CCCCCCC1(C2=CC(C(SC(/C=C(C3=O)/C(C4=CC(Cl)=C(Cl)C=C34)=C(C#N)\C#N)=C5)=C5C6(CCCCCC)CCCCCC)=C6C=C2C7=C1C=C(/C=C(C8=O)/C(C9=CC(Cl)=C(Cl)C=C89)=C(C#N)\C#N)S7)CCCCCC,N#CCO,-4.01,-5.81,tensor(-0.2593),tensor(0.0163)
